order,ID,Post ID,Title,Published,Updated,Notes,Note
1,1302,13917,Roll of the Dice: Blood Brothers,2019-12-06 13:00:00,2024-01-02 17:45:00,,
2,2071,29032,Cover Me: High Hopes,2021-08-25 12:00:00,2021-08-25 12:30:28,,
3,1457,17539,Roll of the Dice: Murder Incorporated,2020-04-19 12:00:00,2024-01-02 20:04:02,,
4,1062,10187,Roll of the Dice: Secret Garden,2019-05-30 12:00:00,2023-01-01 18:05:28,,
5,2355,32251,Roll of the Dice: Without You,2022-02-03 13:00:00,2022-02-03 13:20:59,,
,2431,32364,Backstreets,2022-05-14 12:00:00,2024-01-03 23:35:07,,
,1138,11449,Meeting Across the River,2019-08-04 12:00:00,2021-12-19 00:31:41,,
,1227,13793,Night,2019-10-31 12:00:00,2024-01-02 17:29:29,,
,1953,25005,She's the One,2021-04-04 12:06:00,2024-01-03 00:21:22,,
,804,5731,Tenth Avenue Freeze-Out,2018-11-19 12:30:17,2024-01-02 00:10:40,,
,,,outtakes,,,,
,1376,15954,Glory Road,2020-02-09 13:00:00,2021-12-20 00:45:11,,
,1638,21253,Here She Comes Walkin�,2020-09-24 12:00:00,2023-01-02 01:47:56,,
,1566,19927,Janey Needs a Shooter,2020-07-27 12:02:00,2024-07-06 13:01:41,LTY,
,1943,26080,Linda Let Me Be the One,2021-03-27 12:00:00,2024-01-03 00:17:22,,
,619,2461,Lonely Night in the Park,2018-06-09 12:00:29,2025-08-23 21:02:56,,
,447,338,Walking in the Street,2018-01-21 13:30:27,2020-11-25 05:55:34,,
,2455,32949,Adam Raised a Cain,2022-07-03 12:00:00,2024-01-03 23:52:14,,
,4598,9626,Badlands,2019-05-20 12:00:00,2024-01-02 02:29:32,,
,2418,34350,Candy's Room,2022-05-02 12:00:00,2024-01-03 23:22:20,,
,4587,1469,Darkness on the Edge of Town,2018-04-10 12:00:13,2024-01-01 22:54:31,,
,784,5306,Factory,2018-10-31 12:00:53,2024-01-02 00:02:04,,
,1674,20931,Prove it All Night,2020-10-24 12:00:00,2024-01-02 21:54:31,,
,2108,29310,Racing in the Street,2021-10-03 12:00:00,2024-03-25 02:12:18,,
,2010,27046,Something in the Night,2021-05-28 12:00:00,2024-01-03 01:11:18,,
,2140,30554,Streets of Fire,2021-11-06 12:00:00,2023-01-03 14:40:01,,
,4593,2700,The Promised Land,2018-07-04 12:00:47,2024-01-01 23:27:02,,
,,,OUTTAKES,,,,
,2450,35841,Action in the Streets,2022-06-27 12:00:00,2022-06-27 12:17:03,,
,2467,36515,BoDo Rocker (I'm Goin' Back),2022-07-23 11:34:00,2023-01-03 16:10:23,,
,1654,21110,Break My Heart (Tonight),2020-10-07 12:00:00,2020-10-07 12:12:05,October 78 Demos,
,1936,25002,Break Out,2021-03-20 12:00:00,2023-01-03 01:37:11,,
,925,7796,Crazy Rocker,2019-03-10 12:00:00,2024-01-02 02:07:52,,
,640,2933,Preacher's Daughter,2018-07-01 12:00:36,2022-12-28 13:43:12,,
,1485,17942,Sax Song,2020-05-13 12:00:00,2023-01-01 22:21:47,,
,1329,15190,The Ballad,2019-12-29 13:00:00,2023-01-01 20:52:56,,
,1882,23581,The Fast Song,2021-01-30 13:00:00,2023-01-03 01:17:32,,
10,1686,22282,All I'm Thinkin' About,2020-11-05 13:00:00,2021-12-21 06:01:39,,
2,1173,12292,All the Way Home,2019-09-08 12:00:00,2020-12-15 16:08:39,,
5,2079,29011,Black Cowboys,2021-09-03 11:14:00,2021-09-03 11:13:16,,
1,2373,32478,Devils & Dust,2022-03-02 12:51:00,2023-01-03 15:20:35,,
8,564,1764,Jesus Was an Only Son,2018-04-25 12:00:04,2019-04-13 21:13:59,,
9,1316,14567,Leah,2019-12-12 13:00:00,2020-12-19 00:56:06,,
4,2446,35690,Long Time Comin',2022-06-19 12:10:00,2023-01-03 15:43:24,,
6,801,5733,Maria's Bed,2018-11-16 13:00:14,2024-01-02 00:11:20,,
11,1222,12926,Matamoros Banks,2019-10-27 12:00:00,2020-12-16 15:25:46,,
3,1494,18174,Reno,2020-05-21 12:00:00,2021-12-20 12:46:47,,
7,2147,30467,Silver Palomino,2021-11-13 13:00:00,2021-11-13 12:47:34,,
,,,1968 Notebook,,,,
,1147,11846,A Winter's Revelation (In 9 Illusions),2019-08-13 12:00:00,2019-08-13 12:21:39,,
,854,6806,Clouds,2019-01-05 13:00:53,2021-06-07 12:27:04,,
,587,2111,Crystal,2018-05-11 12:00:21,2019-04-13 22:50:33,,
,1107,10934,Death of a Good Man,2019-07-07 12:00:00,2019-12-07 11:38:46,,
,704,3909,For Never Asking,2018-08-24 12:00:25,2021-06-07 12:27:49,,
,1978,26455,Love Cycle,2021-04-27 12:00:00,2021-04-27 02:16:13,,
,1632,21116,Mississippi,2020-09-22 12:00:00,2020-09-19 18:36:58,,
,1216,13439,New York Morning Love,2019-10-23 12:00:00,2019-10-26 00:36:11,,
,797,5526,Oh No No No,2018-11-13 13:00:26,2023-01-01 16:03:36,,
,1593,19806,Phantom Love (Just 16),2020-08-19 12:00:00,2020-08-16 18:13:52,,
,762,4888,Slum Sentiments,2018-10-12 11:27:07,2019-04-14 22:37:47,,
,2473,36532,Sun Time,2022-08-02 12:00:00,2022-08-02 12:13:30,,
,1572,19175,The Fire Engines Are Returning Home,2020-07-31 11:10:00,2020-07-31 11:12:27,,
,2435,27324,The Virgin Flower,2022-05-22 12:00:00,2022-05-22 06:07:51,,
,1879,24471,The War Song,2021-01-27 13:00:00,2021-01-27 01:35:05,,
,1829,23072,The Window,2020-12-21 13:00:00,2020-12-21 14:36:48,,
,649,2972,Turn Around,2018-07-09 12:00:19,2019-04-14 17:18:14,,
,560,1762,Until the Rain Comes,2018-04-22 12:00:17,2019-04-13 21:04:23,,
,2023,27621,Upon This Day (Eurydice),2021-06-07 12:00:00,2021-06-07 12:22:22,,
,1388,15838,Vaginal Vandals,2020-02-19 13:00:00,2020-02-20 18:14:58,,
,,,CASTILES (1965-1968),,,,
,1691,22772,Look Into My Window,2020-11-09 13:00:00,2020-11-09 12:24:43,,
,883,7288,Mr. Jones,2019-02-01 13:00:41,2024-01-02 01:57:34,,
,1284,14435,That's What You Get,2019-11-30 13:00:00,2019-11-30 13:11:48,,
,839,6268,Baby I,2018-12-20 07:37:26,2020-10-24 03:59:59,,"Released on Chapter and Verse, can include here"
,,,CHILD (1969),,,,
,505,1009,KT-88,2018-03-12 12:00:00,2024-01-01 22:41:37,,
,1381,15953,Sister Theresa,2020-02-14 13:00:00,2021-12-20 00:49:00,,
,,,STEEL MILL (1970),,,,
,1859,24435,America Under Fire,2021-01-07 13:00:00,2021-01-07 14:30:55,,
,457,451,Black Sun Rising,2018-01-27 20:30:49,2019-04-13 17:23:57,,
,1169,12476,Changing Children,2019-09-04 12:00:00,2020-12-15 16:02:49,,
,817,6175,Garden State Parkway Blues,2018-11-30 13:00:16,2023-01-01 16:21:05,,
,2037,28158,Girlfriend Blues,2021-06-21 12:00:00,2021-06-21 12:33:28,,
,917,7786,Goin' Back to Georgia,2019-03-07 13:00:00,2019-04-15 05:17:36,,
,1021,9382,Goin' Down Slow,2019-04-20 12:00:00,2024-01-02 02:20:59,,
,1084,10475,Good Lovin' Woman,2019-06-17 12:00:00,2019-06-18 02:05:57,,
,1548,19185,He's Guilty (The Judge Song),2020-07-10 12:00:00,2020-07-10 12:08:33,,"Released on Chapter and Verse, can include here"
,1946,26078,I Am the Doctor,2021-03-31 12:00:00,2021-03-31 12:06:35,,
,1250,14215,I Can't Take It No More,2019-11-20 13:00:00,2019-11-24 00:41:45,,
,1123,10928,I Gotta Be Free,2019-07-20 12:00:00,2019-07-20 19:58:48,,
,1252,13617,"Jeannie, I Want to Thank You",2019-11-22 11:35:00,2019-11-22 12:54:29,,
,636,2696,Lady Walking Down by the River,2018-06-27 12:00:19,2019-04-14 16:40:45,,
,742,4530,Mary Louise Watson,2018-09-27 12:00:03,2019-04-14 22:25:52,,
,2506,38923,Oh Mama,2022-10-28 12:30:00,2024-01-04 00:15:44,,
,1093,10636,Resurrection,2019-06-26 12:00:00,2019-06-26 12:09:06,,
,735,4448,Sherlock Goes Home,2018-09-21 12:00:19,2025-07-18 19:53:50,,
,2056,28156,Sweet Melinda,2021-08-03 12:00:00,2021-08-03 02:48:07,,
,2127,30465,Temporarily Out of Order,2021-10-26 12:00:00,2021-10-26 02:39:51,,
,1671,21638,The Ballad of Jesse James,2020-10-22 12:00:00,2020-10-22 03:51:27,,"Released on Chapter and Verse, can include here"
,2112,29631,The Train Song,2021-10-06 12:00:00,2021-10-06 12:40:18,,
,939,7886,The War is Over,2019-03-23 12:00:00,2019-04-15 11:56:58,,
,2116,29315,The Wind and the Rain,2021-10-10 12:00:00,2021-10-10 12:33:59,,
,2167,30866,Twenty More Miles,2021-12-03 13:00:00,2024-01-03 05:29:28,,
,1957,25935,We'll All Man the Guns,2021-04-07 12:00:00,2021-04-07 12:20:04,,
,870,6937,We've Got to Do It Now,2019-01-20 13:00:48,2019-12-02 18:09:54,,
,1542,19325,Where Was Jesus in Ohio,2020-07-06 12:00:00,2020-07-06 12:11:11,,
,2379,33061,Why'd You Do That,2022-03-08 13:00:00,2022-03-08 02:56:24,,
,,,DR ZOOM (1971),,,,
,774,5126,Jumbeliah,2018-10-22 12:00:58,2019-11-30 13:17:07,,
,1602,29802,Lady of Boston,2021-11-02 12:00:00,2021-11-02 13:14:05,,
,2135,20798,Southside Shuffle,2020-08-25 12:00:00,2020-08-25 01:57:33,,
,,,BRUCE SPRINGSTEEN BAND (1971-72?),,,,
,1971,26260,All I Want to Do Is Dance,2021-04-20 12:00:00,2021-04-19 23:32:13,,
,2442,35514,Bless My Soul,2022-06-11 12:00:00,2024-01-03 23:40:01,,
,2359,27718,Cherokee Queen,2022-02-12 13:00:00,2022-02-12 02:04:53,,
,1556,19669,Coming Home,2020-07-18 12:00:00,2020-12-25 15:20:50,,
,630,2779,"Dance, Dance, Dance",2018-06-22 12:00:11,2019-04-14 16:27:44,,
,2074,28463,Do It With a Feeling,2021-08-28 12:00:00,2021-08-28 13:29:37,,
,1924,25806,Down to Mexico,2021-03-10 13:00:00,2021-03-10 14:36:27,,
,2121,30275,Down to the Riverside,2021-10-15 12:00:00,2024-01-03 05:18:13,,
,575,1917,Funk Song,2018-05-02 12:00:56,2019-04-13 22:35:11,,
,2030,27895,"I Got to Have You, Baby",2021-06-13 12:00:00,2021-06-13 12:48:23,,
,579,1995,I Just Can't Change,2018-05-05 12:00:00,2020-11-28 20:56:26,,
,1496,18395,I'm in Love Again,2020-05-23 12:00:00,2020-12-23 16:02:20,,
,610,2417,It's Time to Go Home,2018-05-31 12:00:56,2024-01-01 23:12:32,,
,1781,23376,Last Night in Tulsa,2020-12-10 13:00:00,2021-12-21 14:42:42,,
,781,5196,Like a Stranger,2018-10-28 12:00:24,2019-04-14 23:26:04,,
,2394,33511,Living in Rock and Roll,2022-03-27 12:00:00,2022-03-27 06:13:59,,
,828,6209,Look Towards the Land,2018-12-10 13:00:48,2021-12-15 03:23:29,,
,1588,20377,Love Is a Crazy Thing,2020-08-12 12:00:00,2023-01-02 00:03:44,,
,1991,27152,Magic Kind of Loving,2021-05-10 12:00:00,2021-05-10 12:29:15,,
,2095,29684,Make Up Your Mind,2021-09-21 12:00:00,2021-09-21 12:12:39,,
,842,6280,Mistress Annie/Sweet Miss Sally,2018-12-22 09:55:34,2024-01-02 00:20:11,,
,1492,18297,Natural Magic,2020-05-19 12:00:00,2020-12-23 16:06:52,,
,1357,15117,She's a Woman,2020-01-24 13:00:00,2023-01-01 21:06:16,,
,415,7315,She's Leaving,2011-01-26 13:00:42,2025-11-16 00:04:31,,
,1054,8490,Sometimes at Night,2019-05-22 12:00:00,2019-12-06 05:45:32,,
,656,3034,Sure Can Feel the Pain,2018-07-15 12:00:22,2019-04-14 17:30:46,,
,3123,52380,Talking About My Baby,2024-07-02 16:00:00,2024-07-02 15:17:42,,
,1871,23949,The Band's Just Boppin' the Blues,2021-01-19 13:00:00,2021-01-19 04:43:12,,
,686,3659,When You Dance,2018-08-12 12:00:29,2024-01-01 23:36:28,,
,893,7404,Why's It So Hard,2019-02-11 13:00:33,2020-07-09 15:47:25,,
,1688,22587,You Don't Leave Me No Choice,2020-11-07 13:00:00,2020-11-07 14:13:41,,
,1345,15485,You Mean So Much to Me,2020-01-13 13:00:00,2024-01-02 19:23:41,,
,,,SOLO (1972?),,,,
,410,16061,Family Song,2020-02-23 13:00:00,2023-01-03 21:44:50,,
,1394,20495,Lady and the Doctor,2011-01-21 13:00:00,2025-11-16 23:18:09,,
,2839,47086,Water Station,2023-12-24 13:30:00,2024-01-04 00:41:46,,Highlands 72 One Off? Segued into Baby Please Don�t Go/Saint in the City
3,709,3985,Code of Silence,2018-08-27 12:00:13,2022-12-28 14:27:13,,
4,665,3214,Dead Man Walkin',2018-07-24 12:00:30,2024-01-01 23:30:36,,
2,599,2181,Lift Me Up,2018-05-20 12:00:56,2024-01-01 23:06:18,,
1,1863,23737,Missing,2021-01-10 13:00:00,2021-12-21 19:28:40,,
,1302,13917,Blood Brothers,2019-12-06 13:00:00,2024-01-02 17:45:00,,
,2156,31030,I�m Going Back,2021-11-22 12:36:00,2021-11-22 13:12:36,,
,80,17539,Murder Incorporated,2020-04-19 12:00:00,2024-01-02 20:04:02,,
,1062,10187,Secret Garden,2019-05-30 12:00:00,2023-01-01 18:05:28,,
,2046,27622,Streets of Philadelphia,2021-06-30 12:00:00,2021-08-01 12:36:48,,
1,40720,40499,"Greetings From Asbury Park, N.J.",2023-01-05 13:14:00+00,2023-01-05 13:43:53+00,,
2,391,40201,Blinded by the Light,2011-01-02 08:30:00+00,2025-11-15 23:34:45+00,,
3,392,38034,Growin' Up,2022-09-29 12:00:00+00,2023-01-03 16:42:38+00,,
4,393,26519,Mary Queen of Arkansas,2011-01-03 13:00:00+00,2025-11-15 23:36:43+00,,
5,394,17121,Does This Bus Stop at 82nd Street?,2011-01-04 13:00:00+00,2025-11-15 23:36:03+00,,
6,395,825,Lost in the Flood,2011-01-05 13:00:27+00,2025-11-15 23:38:08+00,,
7,396,21388,The Angel,2011-01-06 13:00:00+00,2025-11-22 22:38:18+00,,
8,397,32112,For You,2011-01-07 13:00:00+00,2025-11-15 23:47:11+00,,
9,398,16175,Spirit in the Night,2011-01-08 13:00:00+00,2025-11-15 23:47:53+00,,
10,399,4780,It's Hard to Be a Saint in the City,2011-01-09 13:00:36+00,2025-11-15 23:48:27+00,,
,,,OUTTAKES,,,,
12,400,11225,Arabian Nights,2011-01-11 13:00:00,2025-11-15 23:49:30,,
14,401,13193,Baby Doll,2011-01-12 13:00:00,2025-10-31 02:21:03,,
22,402,31751,Border Guard,2011-01-13 13:00:00,2025-11-15 23:53:19,,
25,403,35373,Camilla Horn,2011-01-14 13:00:00,2025-11-15 23:53:49,,
19,404,29030,Cowboys of the Sea,2011-01-15 13:00:00,2025-11-15 23:54:27,,
28,405,4440,Eloise,2011-01-16 13:00:37,2025-11-15 23:55:09,,
24,406,33406,Henry Boy,2011-01-17 13:00:00,2025-11-15 23:56:37,,
16,407,158,Hollywood Kids,2011-01-19 00:00:40,2025-11-15 23:57:57,,
23,408,33131,Jazz Musician,2011-01-19 13:00:00,2025-11-15 23:58:37,,
26,409,4182,Jesse,2011-01-20 13:00:07,2025-11-15 23:59:15,,
21,411,30736,Marie,2011-01-22 13:00:00,2025-11-15 23:59:43,,
27,412,4268,No Need,2011-01-23 13:00:32,2025-11-16 00:00:12,,
31,413,7885,Prodigal Son,2011-01-24 13:00:00,2025-11-16 00:03:26,,
17,414,23579,Randolph Street,2011-01-25 13:00:00,2025-11-16 00:03:59,,
30,415,7315,She's Leaving,2011-01-26 13:00:42,2025-11-16 00:04:31,,
20,416,29185,Southern Sun,2011-01-27 13:00:00,2025-11-16 00:05:06,,
11,417,10635,Street Queen,2011-01-28 13:00:00,2025-11-16 00:05:36,,
18,418,2459,The Song,2011-01-30 13:00:37,2025-11-16 00:06:13,,
13,420,12477,Two Hearts in True Waltz Time,2011-01-31 13:00:00,2025-11-16 00:10:27,,
29,419,7109,Visitation at Fort Horn,2011-01-31 23:00:25,2025-11-17 20:35:51,,
15,424,14433,War Nurse,2011-02-01 13:00:00,2025-11-16 00:10:58,,
,,,OTHER ARTIST COVERS,,,,
100,421,12001,The Astronettes: Spirit in the Night,2011-02-01 14:02:00,2025-11-16 00:13:25,,
101,422,25516,The Manfred Mann Covers,2011-02-01 14:03:00,2025-11-16 00:14:51,,
102,423,6861,The David Bowie Covers,2011-02-01 14:01:38,2025-11-16 00:12:54,,
4,2454,35845,Down in the Hole,2022-07-01 12:00:00,2023-01-03 16:07:01,,
11,1437,16917,Dream Baby Dream,2020-04-02 12:00:00,2023-01-01 22:07:30,Cover Me,
6,476,675,Frankie Fell in Love,2018-02-12 13:00:27,2021-12-12 04:10:45,,
2,1177,12908,Harry's Place,2019-09-13 12:00:00,2019-09-13 12:58:52,,
5,1367,15842,Heaven's Wall,2020-02-02 13:00:00,2024-01-02 19:31:44,,
1,2071,29032,High Hopes,2021-08-25 12:00:00,2021-08-25 12:30:28,Cover Me,
8,2340,31942,Hunter of Invisible Game,2022-01-18 13:00:00,2022-01-18 13:29:50,,
3,1497,18568,Just Like Fire Would,2020-05-24 12:00:00,2020-07-29 02:21:04,Cover Me,
9,1210,12909,The Ghost of Tom Joad,2019-10-17 12:00:00,2024-01-02 17:23:40,,
10,3129,52382,The Wall,2024-09-04 12:00:00,2024-09-05 13:43:38,,
7,1887,24478,This Is Your Sword,2021-02-04 13:00:00,2024-01-03 00:02:28,,
,,,American Beauty,,,,
12,903,7529,American Beauty,2019-02-21 13:00:36,2023-01-01 17:03:22,,
15,1098,10927,Hey Blue Eyes,2019-06-30 12:00:00,2021-12-18 00:46:24,,
14,1466,17541,Hurry Up Sundown,2020-04-26 12:00:00,2023-01-01 22:20:52,,
13,536,1408,"Mary, Mary",2018-04-01 12:00:04,2022-12-28 06:24:44,,
,1490,18167,Roll of the Dice: 57 Channels (And Nothin' On),2020-05-17 12:00:00,2023-01-01 23:20:14,,
,462,523,Roll of the Dice: All or Nothin' at All,2018-01-30 13:00:20,2024-01-01 22:34:21,,
,1849,24156,Roll of the Dice: Cross My Heart,2020-12-29 13:00:00,2023-01-03 01:05:49,,
,1143,11843,Roll of the Dice: Human Touch,2019-08-09 12:00:00,2024-01-02 17:02:36,,
,2123,30010,Roll of the Dice: I Wish I Were Blind,2021-10-17 12:00:00,2024-01-03 05:17:54,,
,2438,34693,Roll of the Dice: Man's Job,2022-05-30 12:00:00,2023-01-03 15:35:50,,
,911,7700,Roll of the Dice: Pony Boy,2019-03-01 13:00:00,2024-01-02 02:03:34,,
,1453,17359,Roll of the Dice: Real Man,2020-04-15 12:00:00,2023-01-01 22:18:25,,
,2468,36533,Roll of the Dice: Real World,2022-07-25 12:00:00,2024-01-03 23:54:33,,
,1351,15483,Roll of the Dice: Roll of the Dice,2020-01-18 13:10:00,2024-01-02 19:29:14,,
,2802,41081,Roll of the Dice: Soul Driver,2023-01-22 13:16:00,2023-01-22 15:12:15,,
,2169,31029,Roll of the Dice: The Long Goodbye,2021-12-05 13:00:00,2023-01-03 14:51:27,,
,444,287,Roll of the Dice: With Every Wish,2018-01-18 20:00:38,2022-04-16 17:56:25,,
,,,,,,,
,2458,36008,I�m Gonna Rock (The Pee Pee Song),2022-07-07 12:00:00,2022-07-07 12:07:35,"1992 Tour, One off, Bruce had to pee",
10,1618,20492,Roll of the Dice: Across the Border,2020-09-06 12:00:00,2024-01-02 21:32:13,,
7,1417,16915,Roll of the Dice: Balboa Park,2020-03-16 12:00:00,2024-01-02 19:47:18,,
8,1665,21640,Roll of the Dice: Dry Lightning,2020-10-16 12:00:00,2024-01-02 21:47:35,,
11,1527,18897,Roll of the Dice: Galveston Bay,2020-06-22 12:00:00,2024-01-02 20:48:55,,
3,523,1019,Roll of the Dice: Highway 29,2018-03-23 12:00:21,2024-01-01 22:46:17,,
12,2068,28661,Roll of the Dice: My Best Was Never Good Enough,2021-08-22 12:00:00,2024-01-03 03:21:35,,
5,2326,29797,Roll of the Dice: Sinaloa Cowboys,2022-01-04 13:00:00,2024-01-03 05:36:21,,
2,2519,39613,Roll of the Dice: Straight Time,2022-12-05 13:00:00,2024-01-04 00:24:42,,
1,1210,12909,Roll of the Dice: The Ghost of Tom Joad,2019-10-17 12:00:00,2024-01-02 17:23:40,,
6,680,3571,Roll of the Dice: The Line,2018-08-08 11:46:49,2024-01-01 23:37:59,,
9,653,3124,Roll of the Dice: The New Timer,2018-07-13 12:00:11,2024-01-01 23:29:12,,
4,2813,42777,Roll of the Dice: Youngstown,2023-05-01 12:05:00,2024-01-04 00:35:37,,
,,,,,,,
,820,6248,Freehold,2018-12-03 13:00:21,2021-12-15 03:19:04,Joad Tour,
,1319,14218,In Kansas,2019-12-16 10:30:00,2020-02-15 21:28:39,Joad Tour,
,2403,33851,In Michigan,2022-04-12 12:00:00,2022-04-12 13:41:06,Joad Tour,
,366,22142,Pilgrim in the Temple of Love,2002-01-12 19:00:00,2025-11-07 01:59:10,Joad Tour,
,891,7402,Sell It and They Will Come,2019-02-09 13:00:13,2024-01-02 02:00:12,Joad Tour,
,1156,12108,There Will Never Be Any Other For Me But You,2019-08-23 12:00:00,2023-01-01 19:19:11,Joad Tour,
4,2336,30561,Burnin' Train,2022-01-14 13:00:00,2024-01-03 14:19:30,,
11,427,41196,Ghosts,2017-01-11 19:00:00+00,2026-02-11 02:16:42+00,,
8,4589,24642,House of a Thousand Guitars,2016-01-15 19:00:00+00,2026-04-25 22:11:45+00,,
13,2159,30860,I'll See You in My Dreams,2021-11-26 12:45:00,2021-11-26 13:05:31,,
10,846,6319,If I Was the Priest,2018-12-28 08:10:40,2024-01-02 00:21:44,,
1,425,44060,INTRODUCTION,2017-01-01 19:00:00+00,2025-12-26 20:32:15+00,,
5,1566,19927,Janey Needs a Shooter,2020-07-27 12:02:00,2024-07-06 13:01:41,,
6,2513,38925,Last Man Standing,2022-11-19 13:00:00,2024-01-04 00:22:10,,
3,426,22281,Letter to You,2017-01-03 19:00:00+00,2025-12-26 20:33:30+00,,
2,2012,27150,One Minute You're Here,2021-05-30 12:00:00,2024-01-03 01:12:16,,
9,1896,25221,Rainmaker,2021-02-12 13:00:00,2024-01-03 00:07:40,,
12,960,8279,Song for Orphans,2019-04-10 12:00:00,2024-01-02 02:15:10,,
7,2104,29628,The Power of Prayer,2021-09-29 12:00:00,2024-01-03 03:33:35,,
1,341,1015,Better Days,1992-02-02 19:00:19+00,2026-02-14 19:38:48+00,,
7,348,9986,Book of Dreams,1992-02-09 19:00:00+00,2026-02-14 20:15:59+00,,
4,344,2415,If I Should Fall Behind,1992-02-05 19:00:58+00,2026-02-14 19:47:02+00,,
6,347,15113,Living Proof,1992-02-08 19:00:00+00,2026-02-14 20:05:10+00,,
3,4522,6935,Local Hero,1992-02-04 19:00:16+00,2026-03-05 00:05:31+00,,
2,342,9378,Lucky Town,1992-02-03 19:00:00+00,2026-02-15 05:13:14+00,,
9,350,41682,My Beautiful Reward,1992-02-11 19:00:00+00,2026-02-15 01:01:33+00,,
8,349,7820,Souls of the Departed,1992-02-10 19:00:00+00,2026-02-14 20:18:00+00,,
5,346,7167,The Big Muddy,1992-02-07 19:00:28+00,2026-02-14 19:59:56+00,,
10,1996,26708,Devil's Arcade,2021-05-16 12:00:00,2021-05-16 13:20:05,,
6,899,7412,Girls in Their Summer Clothes,2019-02-17 13:00:47,2020-12-08 15:55:10,,
5,1032,9732,Gypsy Biker,2019-05-02 12:00:00,2021-12-17 21:53:23,,
7,479,671,I'll Work For Your Love,2018-02-14 13:00:34,2024-01-01 22:36:08,,
3,2818,43751,Livin' in the Future,2023-06-24 12:00:00,2023-06-24 12:47:31,,
9,1422,16552,Long Walk Home,2020-03-21 12:00:00,2024-01-02 19:46:44,,
8,1625,20801,Magic,2020-09-13 12:00:00,2020-09-13 13:44:57,,
1,2053,27623,Radio Nowhere,2021-08-01 12:00:00,2024-01-03 03:20:18,,
11,671,3399,Terry's Song,2018-07-30 11:01:55,2019-04-14 18:01:56,,
2,715,4353,You'll Be Comin' Down,2018-09-03 12:00:31,2020-12-04 00:48:16,,
4,1504,18392,Your Own Worst Enemy,2020-05-31 12:00:00,2020-12-23 16:11:04,,
,823,29186,Red Headed Woman,2021-09-15 12:00:00,2021-09-15 12:14:49,,
,2090,6181,Light of Day,2018-12-06 13:00:28,2021-10-28 23:46:13,,
2,615,2421,Atlantic City,2018-06-04 12:00:47,2024-01-01 23:16:51,,
4,1558,19057,Johnny 99,2020-07-20 12:00:00,2024-01-02 21:04:07,,
3,2377,32613,Mansion on the Hill,2022-03-06 13:15:00,2024-01-03 16:31:59,,
8,2066,28857,My Father's House,2021-08-13 12:20:00,2025-01-07 04:47:10,,
1,553,1646,Nebraska,2018-04-16 12:00:48,2020-11-27 17:10:27,,
7,1677,21784,Open All Night,2020-10-28 12:00:00,2023-01-02 02:30:28,,
9,1912,25179,Reason to Believe,2021-02-27 13:00:00,2024-01-03 00:10:07,,
5,1324,15047,State Trooper,2019-12-22 13:00:00,2023-01-01 20:56:27,,
6,1080,10316,Used Cars,2019-06-13 12:00:00,2021-12-19 00:35:22,,
,,,OUTTAKES,,,,
,1035,9731,"Baby, I'm So Cold",2019-05-04 12:00:00,2023-01-01 17:49:50,1982 Demos,
,1885,24475,Bells of San Salvador,2021-02-02 13:00:00,2021-02-02 13:56:40,1981-82 Demos,
,1471,17932,Danger Zone,2020-05-01 12:00:00,2020-12-23 15:51:09,1981 Demos,
,2499,38577,Fade to Black,2022-10-09 12:00:00,2022-10-23 21:49:31,,
,783,5305,I Don't Know,2018-10-30 12:00:31,2019-04-14 23:26:41,1982 Demos,
,2479,35372,Long Way Home,2022-08-18 12:00:00,2022-08-18 01:16:56,1981-82 Demos,
,1867,24354,Losin' Kind,2021-01-15 13:00:00,2021-12-21 19:30:51,,
,1894,25184,Love Is a Dangerous Thing,2021-02-10 13:00:00,2021-02-10 13:09:17,1981 Demos,
,1331,15270,My Heart is an Open Book,2020-01-01 13:00:00,2019-12-30 12:23:43,1981 Demos,
,1112,10926,Riding Horse,2019-07-12 12:00:00,2019-07-11 04:32:52,1981 Demos,
,1115,10783,Robert Ford,2019-07-14 12:00:00,2023-01-01 18:55:05,1981 Demos,
,1909,24825,Ruled by the Gun,2021-02-23 13:00:00,2021-02-23 13:15:17,1981-82 Demos,
,1544,19178,Summer Night,2020-07-08 12:00:00,2020-07-07 14:55:31,1982 Demos,
,795,5534,The Big Payback,2018-11-11 13:00:20,2021-12-15 02:21:27,Essential/Single,
,598,2179,True Love Is Hard to Come By,2018-05-19 12:00:49,2019-11-28 05:54:20,1982 Demos,
,1682,22431,Wheels Make the World Go Round,2020-11-01 13:00:00,2021-12-21 05:58:26,1981-82 Demos,
,1132,11789,Your Love is All Around Me,2019-07-30 12:00:00,2020-12-13 18:36:14,1982 Demos,
8,2840,47227,Any Other Way,2023-12-28 14:00:00,2023-12-28 14:31:05,,
7,2804,41557,Don't Play That Song (You Lied),2023-02-12 13:00:00,2024-01-04 00:31:45,,
5,2823,44059,"Hey, Western Union Man",2023-07-08 12:00:00,2023-10-16 00:31:45,,
9,2511,39250,I Forgot to Be Your Lover,2022-11-12 13:15:00,2022-11-12 13:57:33,,
6,2836,45724,I Wish It Would Rain,2023-10-16 14:00:00,2023-10-16 16:06:53,,
1,2803,41197,Soul Days,2023-01-25 13:30:00,2023-01-25 03:24:01,,
2,2798,40755,The Sun Ain't Gonna Shine Anymore,2023-01-10 13:00:00,2023-01-10 12:43:46,,
3,3124,52381,Turn Back the Hands of Time,2024-07-04 12:00:00,2024-07-04 16:30:11,,
10,2520,39748,What Becomes of the Brokenhearted,2022-12-09 12:16:00,2022-12-15 16:05:32,,
4,2514,39396,When She Was My Girl,2022-11-23 13:15:00,2022-11-23 16:21:47,,
,2064,28873,Roll of the Dice: Answering Machine,2021-08-11 12:00:00,2023-01-03 13:12:37,,
,1948,16723,Roll of the Dice: Do Your Job,2021-04-01 12:00:00,2021-04-01 17:10:04,,
,2346,32247,Roll of the Dice: My Lady,2022-01-25 13:00:00,2022-01-25 13:41:46,,
,1880,24473,"RotD/Cover Me, Gary U.S. Bonds: Hold On (To What You Got)",2021-01-28 13:00:00,2023-01-03 01:19:32,,
,668,3401,"RotD/Cover Me, Gary U.S. Bonds: Your Love",2018-07-27 12:00:54,2021-12-12 17:16:04,,
,1969,26452,"RotD/Gary U.S. Bonds, Bruce Springsteen and the E Street Band: Out of Work",2021-04-18 12:00:00,2024-01-03 00:22:46,,
,2449,33514,RotD/Joe Grushecky and Bruce Springsteen: Homestead,2022-06-25 12:00:00,2024-01-03 23:43:54,,
,2349,32253,RotD/Joe Grushecky and Bruce Springsteen: I'm Not Sleeping,2022-01-28 13:00:00,2022-01-28 14:54:00,,
,877,7160,RotD/MatR/CM: Tiger Rose,2019-01-26 13:00:39,2024-01-02 01:57:58,,
,719,4184,"ROTD/MatR/Cover Me, Gary U.S. Bonds, Bruce Springsteen & The E Street Band, This Little Girl",2018-09-06 12:00:57,2024-01-01 23:48:11,,
4,886,7395,Countin' on a Miracle,2019-02-05 13:00:42,2020-12-08 15:44:47,,
5,2490,37606,Empty Sky,2022-09-12 12:00:00,2024-01-04 00:12:34,,
7,2323,31027,Further On (Up the Road),2022-01-01 13:00:00,2022-01-01 05:38:39,,
6,493,829,Let's Be Friends (Skin to Skin),2018-03-02 13:00:53,2020-11-26 20:31:25,,
1,1449,16918,Lonesome Day,2020-04-11 12:00:00,2024-01-02 19:59:52,,
9,2392,33128,Mary's Place,2022-03-25 12:00:00,2024-01-03 16:37:04,,
3,1607,20375,Nothing Man,2020-08-29 12:00:00,2023-01-02 01:09:33,,
12,432,127,Paradise,2018-01-07 23:28:04,2024-01-01 22:28:31,,
8,1539,19179,The Fuse,2020-07-04 12:00:00,2020-07-04 13:53:55,,
11,1703,22424,The Rising,2020-11-21 13:00:00,2024-01-02 21:59:11,,
2,1191,12717,Waitin' on a Sunny Day,2019-09-27 12:00:00,2019-11-18 07:07:52,,
10,1378,15955,You're Missing,2020-02-11 13:00:00,2024-01-02 19:34:10,,
14,382,2463,Buffalo Gals,2006-01-15 19:00:38+00,2026-01-11 23:15:59+00,,
11,379,2605,Pay Me My Money Down,2006-01-12 19:00:21+00,2026-01-11 22:49:32+00,,
12,380,3565,We Shall Overcome,2006-01-13 19:00:56+00,2026-01-11 23:04:53+00,,
7,375,8401,Jacob's Ladder,2006-01-08 19:00:00+00,2026-01-11 22:13:51+00,,
3,371,9735,Mrs. McGrath,2006-01-04 19:00:00+00,2026-01-11 22:05:19+00,,
2,370,10637,Jesse James,2006-01-03 19:00:00+00,2026-01-11 22:03:21+00,,
15,383,13196,How Can I Keep From Singing,2006-01-16 19:00:00+00,2026-01-11 23:17:32+00,,
6,374,13792,Erie Canal,2006-01-07 19:00:00+00,2026-01-11 22:11:16+00,,
18,4597,15484,American Land,2016-01-22 19:00:00+00,2026-04-26 15:05:31+00,,
8,376,16358,My Oklahoma Home,2006-01-09 19:00:00+00,2026-01-11 22:17:41+00,,
1,369,23067,Old Dan Tucker,2006-01-02 19:00:00+00,2026-01-11 22:19:26+00,,
13,381,24640,Froggie Went A-Courtin',2006-01-14 19:00:00+00,2026-01-11 23:09:22+00,,
5,373,27148,John Henry,2006-01-06 19:00:00+00,2026-01-11 22:10:03+00,,
17,385,27624,Bring 'Em Home,2006-01-18 19:00:00+00,2026-01-11 23:22:52+00,,
9,377,30173,Eyes on the Prize,2006-01-10 19:00:00+00,2026-01-11 22:24:22+00,,
16,384,31275,How Can A Poor Man Stand Such Times and Live?,2006-01-17 19:00:00+00,2026-01-11 23:20:38+00,,
10,378,33405,Shenandoah,2006-01-11 19:00:00+00,2026-01-11 22:25:37+00,,
4,372,36168,O Mary Don't You Weep,2006-01-05 19:00:00+00,2026-01-11 22:08:45+00,,
11,1066,10321,Ain't Good Enough for You,2019-06-02 12:00:00,2023-01-01 18:03:38,,
18,1461,17744,Breakaway,2020-04-23 12:00:00,2023-01-01 22:14:46,,
9,1613,20595,Candy's Boy,2020-09-02 12:00:00,2023-01-02 01:32:45,,
19,1533,19494,City of Night,2020-06-28 12:00:00,2023-01-01 23:39:44,,
15,1760,23071,Come On (Let's Go Tonight),2020-12-05 13:00:00,2023-01-03 00:52:21,,
12,1580,19928,Fire,2020-08-05 12:00:00,2023-01-02 00:01:05,,
2,1892,24827,Gotta Get That Feeling,2021-02-08 13:00:00,2023-01-03 01:23:28,,
14,2500,37140,It's a Shame,2022-10-15 12:00:00,2023-01-03 16:43:39,,
5,863,6889,One Way Street,2019-01-14 13:00:46,2024-01-02 01:52:24,,
3,1904,25452,Outside Looking In,2021-02-19 13:00:00,2023-01-03 01:25:47,,
1,2108,29310,Racing in the Street,2021-10-03 12:00:00,2024-03-25 02:12:18,,
8,1988,26870,Rendezvous,2021-05-08 12:00:00,2023-01-03 01:51:07,,
10,1118,11224,Save My Love,2019-07-16 12:00:00,2024-01-02 15:10:56,,
4,1197,12916,Someday (We'll Be Together),2019-10-03 12:00:00,2023-01-01 19:49:15,,
13,2800,40850,Spanish Eyes,2023-01-14 13:15:00,2024-01-04 00:27:26,,
16,908,7531,Talk to Me,2019-02-26 13:00:46,2023-01-01 17:01:48,,
7,698,3760,The Brokenhearted,2018-08-20 12:00:51,2022-12-28 14:17:31,,
17,2375,32877,The Little Things (My Baby Does),2022-03-04 13:00:00,2023-01-03 15:19:50,,
20,2059,28460,The Way,2021-08-06 12:00:00,2023-01-03 12:31:57,,
6,1232,13440,Wrong Side of the Street,2019-11-06 13:00:00,2023-01-01 20:14:10,,
13,1562,19802,Cadillac Ranch,2020-07-23 12:00:00,2023-01-01 23:58:29,,
8,466,525,Crush on You,2018-02-02 12:55:58,2024-01-01 22:32:22,,
18,490,827,Drive All Night,2018-02-27 13:00:36,2024-01-01 22:40:49,,
15,569,1770,Fade Away,2018-04-28 12:00:39,2019-11-27 01:55:11,,
6,2523,39970,Hungry Heart,2022-12-21 13:45:00,2024-01-04 00:23:53,,
10,2410,34148,I Wanna Marry You,2022-04-22 12:00:00,2022-04-22 12:18:23,,
14,1630,20935,I'm a Rocker,2020-09-18 12:00:00,2024-01-02 21:35:10,,
5,2382,32833,Independence Day,2022-03-14 12:00:00,2023-01-03 15:23:05,,
3,788,5407,Jackson Cage,2018-11-04 13:00:06,2024-01-02 00:08:03,,
7,2130,30008,Out in the Street,2021-10-28 12:00:00,2024-01-03 05:21:31,,
12,1817,14213,Point Blank,2020-12-19 13:00:00,2024-01-02 22:08:34,,
16,2489,36371,Ramrod,2022-09-10 12:00:00,2024-01-04 00:13:26,,
2,645,2966,Sherry Darling,2018-07-06 12:00:30,2024-01-01 23:27:47,,
17,1187,12486,The Price You Pay,2019-09-23 12:00:00,2024-02-11 19:57:05,,
11,1918,24353,The River,2021-03-04 13:00:00,2024-01-03 00:14:03,,
1,502,998,The Ties that Bind,2018-03-09 13:00:19,2024-01-01 22:42:41,,
4,607,2293,Two Hearts,2018-05-28 12:00:34,2024-01-01 23:10:55,,
20,2484,36656,Wreck on the Highway,2022-08-28 12:00:00,2022-08-28 12:47:49,,
9,1519,18562,You Can Look (But You Better Not Touch),2020-06-14 12:00:00,2021-12-20 16:45:34,,
,,,Unreleased Outtakes,,,,
20,531,1282,Baby Come Back,2018-03-29 12:00:39,2019-11-24 18:39:05,,
21,1314,14437,"Baby, Don't Go",2019-12-10 11:00:00,2019-12-10 10:56:19,,
22,1654,21110,Break My Heart (Tonight),2020-10-07 12:00:00,2020-10-07 12:12:05,,
23,756,5059,Chevrolet Deluxe,2018-10-06 12:00:26,2021-12-13 14:35:00,,
24,626,2777,Dedication,2018-06-17 12:00:27,2020-11-30 15:15:29,,
,1245,14031,Every Day and Every Night,2019-11-17 09:03:00,2019-11-17 08:57:45,1979 Solo Demos,
,800,5741,Everybody Wants My Baby,2018-11-15 13:00:26,2020-12-05 18:31:35,1979 Solo Demos,
,1028,9380,Everybody�s Looking for Somebody,2019-04-28 12:00:00,2019-04-29 00:00:29,1979 Solo Demos,
,508,1011,Everyone Loves You,2018-03-14 12:00:36,2019-04-13 19:01:23,1979 Solo Demos,
25,1441,17123,Find It Where You Can,2020-04-05 12:00:00,2023-01-01 22:13:45,,
,2118,29687,Held Up Without a Gun,2021-10-12 12:00:00,2024-01-03 05:18:43,,
,2101,29803,I Don�t Wanna Be,2021-09-26 12:00:00,2021-09-26 04:46:54,1979 Solo Demos,
,550,1570,I Need You,2018-04-13 12:00:14,2021-12-12 14:01:59,1979 Solo Demos,
26,1916,25334,I Wanna Start a New Life,2021-03-02 13:00:00,2021-03-02 14:49:38,,
27,1465,17743,I'm Gonna Treat You Right (Wild Kisses),2020-04-29 12:00:00,2020-04-25 17:48:11,,
,2094,29629,Love and Kisses,2021-09-20 11:30:00,2021-09-20 11:25:41,1979 Solo Demos,
,2173,31068,Love Is a Gun,2021-12-10 13:00:00,2021-12-22 22:13:55,1979 Solo Demos,
28,1043,9593,Love Will Get You Down,2019-05-12 12:00:00,2019-05-12 13:51:34,,
,1181,12714,Love�s Gonna Be Tonight,2019-09-17 12:00:00,2019-09-17 12:06:44,1979 Solo Demos,
29,1901,25234,"Oh, Angelyne",2021-02-16 13:00:00,2021-05-24 20:20:00,,
30,2000,26511,Out On The Run,2021-05-20 12:00:00,2023-01-03 01:53:26,,
31,1348,15271,Slow Fade,2020-01-16 13:00:00,2020-12-19 13:20:04,,
,857,6883,Stockton Boys,2019-01-10 12:30:18,2021-12-16 03:35:47,1980 Solo Demos,
,1399,16356,Stockton Girls,2020-02-27 13:00:00,2021-12-20 00:51:16,,
,1047,8426,The Informer,2019-05-16 12:00:00,2019-12-06 05:43:44,Known from TTTB notebook,
,763,5063,The Time In Between,2018-10-13 12:00:14,2023-01-01 15:53:44,1979 Solo Demos,
32,719,4184,This Little Girl,2018-09-06 12:00:57,2024-01-01 23:48:11,,
33,1809,22423,Under The Gun,2020-12-17 13:00:00,2023-01-03 01:03:01,,
,1695,22770,Walking on the Avenue,2020-11-12 13:00:00,2023-01-02 02:32:11,1979 Solo Demos,
,486,819,You Gotta Be Kind,2018-02-23 13:00:41,2019-06-05 03:57:04,1980 Solo Demos,
,1189,13192,You Gotta Fight (For What You Want),2019-09-25 12:00:00,2019-09-25 12:23:16,1979 Solo Demos,
34,668,3401,Your Love,2018-07-27 12:00:54,2021-12-12 17:16:04,,
12,1981,26705,A Good Man Is Hard to Find (Pittsburgh),2021-04-30 12:00:00,2024-01-03 00:31:59,,
56,1237,13790,Back in Your Arms,2019-11-10 13:00:00,2022-03-20 02:14:46,,
20,1739,22913,Be True,2020-12-02 13:00:00,2020-12-02 18:37:28,,
1,1998,26869,Bishop Danced,2021-05-18 12:00:00,2021-05-18 12:39:49,,
24,602,11226,Born in the U.S.A.,2019-09-21 12:00:00,2024-01-02 17:17:27,,
9,2332,2240,Bring on the Night,2018-05-23 12:00:17,2024-01-01 23:09:58,,
57,1214,31074,Brothers Under the Bridge '95,2022-01-10 13:00:00,2022-01-10 13:23:23,,
35,1336,13794,Brothers Under the Bridges ('83),2019-10-21 12:00:00,2023-01-01 19:50:39,,
33,1171,15193,Car Wash,2020-01-04 13:00:00,2023-01-01 20:58:16,,
27,1591,12105,Cynthia,2019-09-06 12:00:00,2024-01-02 17:11:05,,
14,1473,20374,Dollhouse,2020-08-15 12:00:00,2020-08-15 14:22:20,,
11,947,15272,Don't Look Back,2020-05-03 12:00:00,2023-01-01 22:19:31,,
29,1037,7887,Frankie,2019-03-31 12:00:00,2024-01-02 02:12:49,,
46,1522,9594,Gave it a Name,2019-05-06 12:00:00,2023-01-01 17:56:06,,
7,849,18721,Give the Girl a Kiss,2020-06-17 12:00:00,2023-01-01 23:35:53,,
55,1130,6679,Goin' Cali,2019-01-01 13:00:58,2024-01-02 00:23:40,,
53,2488,11792,Happy,2019-07-28 12:00:00,2024-01-02 15:12:14,,
10,437,32951,Hearts of Stone,2022-09-07 12:00:00,2024-01-04 00:13:44,,
22,2353,226,I Wanna Be With You,2018-01-14 23:41:51,2024-01-01 22:28:05,,
8,956,32363,Iceman,2022-02-01 13:00:00,2023-01-03 15:14:52,,
39,956,8274,"Janey, Don't You Lose Heart",2019-04-06 12:00:00,2021-12-17 05:41:45,,
25,50,35847,Johnny Bye Bye,2022-07-13 12:00:00,2024-01-03 23:47:08,,
44,1966,26516,Leavin' Train,2021-04-15 12:00:00,2023-01-03 01:46:56,,
4,1943,26080,Linda Let Me Be the One,2021-03-27 12:00:00,2024-01-03 00:17:22,,
32,1088,10411,Lion's Den,2019-06-21 12:00:00,2019-12-07 04:42:33,,
17,770,4788,Living on the Edge of the World,2018-10-18 12:00:02,2024-01-02 00:00:51,,
51,1259,14360,Loose Change,2019-11-24 13:00:00,2019-11-24 14:08:40,,
16,2448,35521,Loose Ends,2022-06-23 12:00:00,2023-01-03 15:47:36,,
43,1396,16171,Lucky Man,2020-02-25 13:00:00,2023-01-01 21:48:19,,
36,1041,9386,Man at the Top,2019-05-10 12:00:00,2019-12-06 03:52:14,,
23,951,8276,Mary Lou,2019-04-03 12:00:00,2020-12-10 15:50:19,,
28,452,397,My Love Will Not Let You Down,2018-01-24 15:00:23,2024-01-01 22:25:39,,
48,776,5339,My Lover Man,2018-10-24 12:00:00,2023-01-01 15:56:18,,
49,1550,19327,Over the Rise,2020-07-12 12:00:00,2023-01-01 23:49:57,,
54,2366,32476,"Part Man, Part Monkey",2022-02-19 13:00:00,2023-01-03 15:17:53,,
37,1154,11451,Pink Cadillac,2019-08-21 12:00:00,2024-01-02 17:06:46,,
6,1988,26870,Rendezvous,2021-05-08 12:00:00,2023-01-03 01:51:07,,
21,809,5739,Ricky Wants a Man of Her Own,2018-11-23 13:00:45,2019-12-01 12:16:55,,
34,1931,25700,Rockaway the Days,2021-03-15 12:00:00,2023-01-03 01:38:48,,
13,2406,33513,Roulette,2022-04-16 12:00:00,2024-01-03 23:19:08,,
47,1202,13049,Sad Eyes,2019-10-08 12:00:00,2019-10-08 12:26:24,,
2,498,970,Santa Ana,2018-03-06 13:00:10,2022-12-28 06:09:01,,
3,2504,38856,Seaside Bar Song,2022-10-24 12:00:00,2024-01-04 00:16:25,,
45,617,2465,Seven Angels,2018-06-07 12:00:33,2024-01-01 23:15:26,,
26,1663,21387,Shut Out the Light,2020-10-14 12:00:00,2020-10-14 12:28:25,,
31,2114,29683,Stand On It,2021-10-08 12:00:00,2021-10-08 16:20:16,,
19,945,7891,Take 'Em as They Come,2019-03-29 12:00:00,2023-01-01 17:36:02,,
59,1651,21113,The Fever,2020-10-04 12:00:00,2020-10-10 18:12:43,,
42,539,1412,The Honeymooners,2018-04-04 12:00:54,2022-12-28 06:23:58,,
41,631,2879,The Wish,2018-06-23 12:00:21,2024-01-01 23:20:46,,
5,2099,27713,Thundercrack,2021-09-24 12:00:00,2023-01-03 14:26:05,,
52,2164,30734,Trouble in Paradise,2021-11-30 13:00:00,2023-01-03 14:47:00,,
58,915,7788,Trouble River,2019-03-05 13:00:00,2021-12-17 05:31:57,,
30,1483,17937,TV Movie,2020-05-11 12:00:00,2021-12-20 12:42:19,,
38,1535,19495,Two for the Road,2020-06-30 12:00:00,2023-01-01 23:38:24,,
18,1373,15411,Wages of Sin,2020-02-07 13:00:00,2023-01-01 21:07:56,,
50,1875,24155,When the Lights Go Out,2021-01-23 13:00:00,2021-01-23 15:34:10,,
40,1364,15843,When You Need Me,2020-01-30 13:00:00,2023-01-01 21:09:36,,
15,792,5529,Where the Bands Are,2018-11-08 13:00:27,2019-04-14 23:47:43,,
8,1525,18722,Chain Lightning,2020-06-20 12:00:00,2020-06-20 13:44:23,,
1,675,3250,Cindy,2018-08-03 12:00:24,2022-12-28 14:08:58,,
13,2118,29687,Held Up Without a Gun,2021-10-12 12:00:00,2024-01-03 05:18:43,,
4,519,1013,Little White Lies,2018-03-20 12:00:56,2022-12-28 06:17:11,,
2,1599,20111,Meet Me in the City,2020-08-23 12:00:00,2023-01-02 01:21:57,,
12,1077,10317,Mr. Outside,2019-06-10 12:00:00,2021-12-18 00:42:50,,
6,586,1915,Night Fire,2018-05-10 12:00:31,2021-12-12 14:11:10,,
10,1788,23580,"Paradise by the ""C""",2020-12-12 13:00:00,2023-01-03 00:57:06,,
9,1241,14214,Party Lights,2019-11-14 13:00:00,2024-01-02 17:38:41,,
11,455,442,Stray Bullet,2018-01-26 20:00:20,2021-12-12 04:01:34,,
3,1412,16719,The Man Who Got Away,2020-03-12 12:00:00,2021-12-20 03:46:09,,
5,2482,37176,The Time That Never Was,2022-08-25 12:00:00,2022-08-25 11:56:30,,
7,556,1648,Whitetown,2018-04-19 12:00:44,2019-11-27 01:51:19,,
,105,28858,Ain't Got You,1987-01-01 19:00:00+00,2025-11-23 00:13:13+00,,
3,107,36657,All That Heaven Will Allow,1987-01-03 19:00:00+00,2025-11-23 00:17:50+00,,
9,113,583,Brilliant Disguise,1987-01-09 19:00:33+00,2025-11-23 00:34:40+00,,
5,109,18563,Cautious Man,1987-01-05 19:00:00+00,2025-11-23 00:19:54+00,,
10,114,3758,One Step Up,1987-01-10 19:00:52+00,2025-11-23 00:45:49+00,,
1,103,36849,ROTD Tunnel of Love Preface,1987-01-01 18:00:00+00,2025-11-25 01:27:26+00,,
4,108,6810,Spare Parts,1987-01-04 19:00:15+00,2025-11-23 00:18:25+00,,
2,106,19667,Tougher Than the Rest,1987-01-02 19:00:00+00,2025-11-23 00:16:40+00,,
7,111,27454,Tunnel of Love,1987-01-07 19:00:00+00,2025-11-23 00:31:46+00,,
8,112,34887,Two Faces,1987-01-08 19:00:00+00,2025-11-23 00:33:17+00,,
12,116,2607,Valentine's Day,1987-01-12 19:00:17+00,2025-11-23 00:38:53+00,,
6,110,3216,Walk Like a Man,1987-01-06 19:00:15+00,2025-11-23 00:25:27+00,,
11,115,22773,When You're Alone,1987-01-11 19:00:00+00,2025-11-23 00:38:02+00,,
6,1360,15625,Chasin' Wild Horses,2020-01-26 13:00:00,2023-01-01 21:05:50,,
5,1869,23950,Drive Fast (The Stuntman),2021-01-17 13:00:00,2021-01-17 17:17:56,,
10,1852,23736,Hello Sunshine,2021-01-01 13:00:00,2023-01-03 01:04:45,,
1,2002,25808,Hitch Hikin',2021-05-22 12:00:00,2021-05-22 12:24:54,,
11,1645,21118,Moonlight Motel,2020-09-30 12:00:00,2023-01-02 01:54:26,,
7,2441,35382,Somewhere North of Nashville,2022-06-09 12:00:00,2022-06-09 03:26:47,,
8,2494,37943,Stones,2022-09-24 12:30:00,2022-09-24 14:00:36,,
2,2350,32246,The Wayfarer,2022-01-29 13:00:00,2022-01-29 13:11:27,,
9,1961,25933,There Goes My Miracle,2021-04-10 12:00:00,2024-01-03 00:24:43,,
3,1498,18295,Tucson Train,2020-05-25 12:00:00,2023-01-01 23:23:14,,
4,1432,16557,Western Stars,2020-03-28 12:00:00,2024-01-02 19:51:39,,
,1026,8769,"4th of July, Asbury Park (Sandy)",2019-04-26 12:00:00,2024-07-05 17:46:07,,
,831,5817,Incident on 57th Street,2018-12-14 13:00:36,2023-07-16 11:52:36,,
,2343,31937,Kitty's Back,2022-01-22 13:00:00,2024-01-03 14:25:07,,
,1511,18561,The E Street Shuffle,2020-06-06 12:00:00,2024-01-02 20:36:34,,
,929,7877,Wild Billy's Circus Story,2019-03-14 12:00:00,2024-01-02 02:10:20,,
,,,outtakes,,,,
,1199,13399,Angel�s Blues,2019-10-05 12:00:00,2023-01-01 19:48:27,Played during 74 Tour,
,1040,9384,Ballad of a Self-Loading Pistol,2019-05-09 12:00:00,2024-01-02 02:25:04,,
,1998,26869,Bishop Danced,2021-05-18 12:00:00,2021-05-18 12:39:49,,
,1628,21256,Evacuation of the West,2020-09-16 12:00:00,2024-01-02 21:36:22,,
,1072,8268,Phantoms,2019-06-06 12:00:00,2020-12-12 14:51:17,,
,498,970,Santa Ana,2018-03-06 13:00:10,2022-12-28 06:09:01,Tracks,
,2504,38856,Seaside Bar Song,2022-10-24 12:00:00,2024-01-04 00:16:25,Tracks,
,3133,54391,Secret to the Blues,2024-09-14 22:15:00,2024-09-14 22:13:07,Played during 73 Tour,
,960,8279,Song for Orphans,2019-04-10 12:00:00,2024-01-02 02:15:10,LTY,
,1651,21113,The Fever,2020-10-04 12:00:00,2020-10-10 18:12:43,Tracks,
,2099,27713,Thundercrack,2021-09-24 12:00:00,2023-01-03 14:26:05,Tracks,
,1141,11793,Vibes Man,2019-08-07 12:00:00,2019-08-07 12:33:45,,
,2016,27149,Winter Song,2021-06-03 12:00:00,2021-06-03 03:25:06,,
7,2362,32610,Good Eye,2022-02-15 13:00:00,2022-02-15 13:43:40,,
10,2400,33407,Kingdom of Days,2022-04-04 12:00:00,2022-04-04 12:54:20,,
9,527,1278,Life Itself,2018-03-26 12:00:56,2019-11-24 18:39:55,,
2,1167,12291,My Lucky Day,2019-09-02 12:00:00,2023-01-01 19:23:45,,
1,2321,31274,Outlaw Pete,2021-12-29 13:05:00,2021-12-29 14:23:42,,
4,752,4774,Queen of the Supermarket,2018-10-04 12:00:29,2021-11-26 19:27:56,,
11,1985,26451,"Surprise, Surprise",2021-05-04 12:00:00,2023-01-03 01:52:05,,
13,1681,22143,The Wrestler,2020-10-31 12:00:00,2024-01-02 21:51:12,,
8,1205,13398,Tomorrow Never Knows,2019-10-11 12:00:00,2023-01-01 19:46:51,,
5,811,5749,What Love Can Do,2018-11-25 13:00:56,2021-12-15 03:13:17,,
3,1102,10786,Working on a Dream,2019-07-04 12:00:00,2024-01-02 15:08:35,,
13,36831,15484,American Land,2016-01-22 19:00:00+00,2026-04-25 17:22:31+00,,
5,4588,33129,Death to My Hometown,2016-01-04 19:00:00+00,2026-04-25 18:05:54+00,,
2,2026,27330,Easy Money,2021-06-10 12:00:00,2024-01-03 03:14:08,,
4,1722,22585,Jack of All Trades,2020-11-27 13:00:00,2024-01-02 22:03:47,,
10,430,52,Land of Hope and Dreams,2018-01-05 22:07:18,2024-01-01 22:50:32,,
9,2808,42140,Rocky Ground,2023-03-20 13:00:00,2024-01-04 00:33:37,,
3,1554,19324,Shackled and Drawn,2020-07-16 12:05:00,2024-01-02 20:58:05,,
12,1478,17933,Swallowed Up (In the Belly of the Whale),2020-05-07 12:00:00,2024-01-02 20:28:08,,
6,1391,16059,This Depression,2020-02-21 13:00:00,2024-01-02 19:36:55,,
11,730,3987,We Are Alive,2018-09-15 12:00:14,2024-01-01 23:50:06,,
1,1843,23379,We Take Care of Our Own,2020-12-25 13:00:00,2024-01-02 22:12:47,,
7,4595,36967,Wrecking Ball,2016-01-17 19:00:00+00,2026-04-25 22:16:20+00,,
8,1571,20114,You�ve Got It,2020-07-30 12:00:00,2024-01-02 21:05:12,,
6,42,11448,Jersey Girl,1976-02-07 19:00:00,2025-11-15 13:48:33,,
1,1788,23580,Paradise by the �C�,2020-12-12 13:00:00,2023-01-03 00:57:06,,
2,15,25696,Raise Your Hand,1976-01-13 19:00:00,2025-11-15 12:58:39,,
4,1657,21112,Seeds,2020-10-10 12:00:00,2024-01-02 21:42:03,,
3,2819,43824,This Land Is Your Land,2023-07-04 12:00:00,2023-07-05 16:47:28,,
5,1059,9987,War,2019-05-27 12:00:00,2023-01-01 18:06:20,,
8,75,2698,Bobby Jean,2018-06-19 12:00:43,2024-01-01 23:22:04,used most recent 2026-02,
1,68,11226,Born in the U.S.A.,2019-09-21 12:00:00,2024-01-02 17:17:27,used most recent 2026-02,
2,69,23943,Cover Me,2021-01-13 13:00:00,2023-01-03 01:08:07,used most recent 2026-02,
11,78,29798,Dancing in the Dark,2021-12-25 13:00:00,2024-01-03 05:33:20,used most recent 2026-02,
3,70,20598,Darlington County,2020-09-10 12:00:00,2024-01-02 21:30:09,used most recent 2026-02,
5,72,6887,Downbound Train,2019-01-22 13:00:13,2024-01-02 01:53:59,used most recent 2026-02,
10,77,51596,Glory Days,2024-06-04 13:05:00,2024-06-04 19:46:35,used most recent 2026-02,
9,76,27455,I'm Goin' Down,2021-06-05 12:00:00,2021-06-05 12:48:34,used most recent 2026-02,
6,73,29026,I'm on Fire,2021-09-11 12:00:00,2024-01-03 03:27:00,used most recent 2026-02,
12,57,16720,My Hometown,2020-04-09 12:00:00,2024-01-02 19:56:51,used most recent 2026-02,
7,74,27047,No Surrender,2021-11-18 13:00:00,2024-01-03 05:28:02,used most recent 2026-02,
4,71,181,Working on the Highway,2018-01-11 13:00:14,2024-01-01 22:23:37,used most recent 2026-02,
,,,OUTTAKES,,,,
,56,678,County Fair,2018-02-17 13:00:13,2019-04-13 17:38:30,Garage 83?,
,81,14888,Drop on Down and Cover Me,2019-12-18 11:10:00,2021-12-20 00:20:13,,
,738,4617,None But the Brave,2018-09-24 12:00:37,2024-01-01 23:54:20,,
,1508,18570,Protection,2020-06-04 12:00:00,2023-01-01 23:30:05,,
,67,12572,Vietnam,2019-08-31 12:00:00,2021-12-19 00:36:56,,
