[{"id": 8622, "date": "2019-04-01T05:00:00", "date_gmt": "2019-04-01T12:00:00", "guid": {"rendered": "http://estreetshuffle.com/?p=8622"}, "modified": "2024-01-01T18:12:41", "modified_gmt": "2024-01-02T02:12:41", "slug": "hearts-of-stone-meet-the-flintstones", "status": "publish", "type": "post", "link": "https://estreetshuffle.com/index.php/2019/04/01/hearts-of-stone-meet-the-flintstones/", "title": {"rendered": "Hearts of Stone: (Meet the) Flintstones"}, "content": {"rendered": "<p>Our long-running <em>Kingdom of Days, Roll of the Dice, Cover Me, Meeting Across the River, </em>and <em>Where the Band Was\u00a0</em>series have been so well-received that I&#8217;ve decided to launch a sixth series starting today!</p>\n<p>Welcome to\u00a0<em>Hearts of Stone</em>, in which we&#8217;ll explore the works of the lesser known but not lesser talent, Bruce Springstone.</p>\n<p>Springstone had a brief but bright star turn back in 1982 with the release of his earnest cover of the perennial family favorite, &#8220;(Meet the) Flintstones.&#8221;</p>\n<div class=\"jetpack-video-wrapper\"><iframe loading=\"lazy\" title=\"Bruce Springstone - Meet The Flintstones\" width=\"758\" height=\"569\" src=\"https://www.youtube.com/embed/Le2NYMfcvw0?feature=oembed\" frameborder=\"0\" allow=\"accelerometer; autoplay; clipboard-write; encrypted-media; gyroscope; picture-in-picture; web-share\" referrerpolicy=\"strict-origin-when-cross-origin\" allowfullscreen></iframe></div>\n<p>&#8220;(Meet the) Flintstones&#8221; became an instant hit upon its release. Some would argue that its viral success had more to do with the genuine confusion it caused among Springsteen fans across the nation, many of whom genuinely believed the song was actually performed by their hero, but that would be to deny Springstone due credit for his masterful performance. Fans can be forgiven for their confusion, however, as Springstone is clearly a Springsteen fan&#8211;you can even hear him pay homage to &#8220;<a href=\"https://estreetshuffle.com/index.php/2022/05/14/roll-of-the-dice-backstreets/\">Backstreets</a>&#8221; if you listen closely.</p>\n<p>However, it was actually the single&#8217;s B-side, &#8220;<a href=\"http://estreetshuffle.com/index.php/2019/01/21/cover-me-take-me-out-to-the-ball-game/\">Take Me Out to the Ball Game</a>,&#8221; that earned Springstone a spot in history, when an Akron, Ohio radio station played the song 57,161 times in a row during a baseball strike. That was enough to land the song in the Guinness Book of Sports Records for Longest Continuous Airplay of a Sports-Related Song.</p>\n<p>But while &#8220;Take Me Out to the Ball Game&#8221; was in constant rotation on Akron AM radio, &#8220;(Meet the) Flintstones&#8221; was flooding the FM airwaves. Hoping to capitalize on the craze, Springstone filmed a video for the song at a Baltimore rock quarry on December 6, 1982; unfortunately, Hanna-Barbera, owner of Flintstones-related trademarks, put the kibosh on it, and the video remains unseen to this day.</p>\n<p>Bruce Springsteen, however, is known to be a fan: Mr. Springstone is the proud recipient of a hand-written, signed postcard from Mr. Springsteen that reads: &#8220;The record is great! I love it! Keep on rockin&#8217;!&#8221;</p>\n<p><strong>Meet the Flintstones<br />\nRecorded:</strong> 1982<br />\n<strong>Released:</strong>\u00a0<em>Live at Bedrock\u00a0</em>(1982)</p>\n", "protected": false}, "excerpt": {"rendered": "<p>Today we kick off a new series examining the work of the lesser-known Bruce Springstone. Today&#8217;s heart of stone: Bruce&#8217;s homage to the classic &#8220;(Meet the) Flintstones.&#8221;</p>\n", "protected": false}, "author": 1, "featured_media": 8623, "comment_status": "open", "ping_status": "open", "sticky": false, "template": "", "format": "standard", "meta": {"_monsterinsights_skip_tracking": false, "_monsterinsights_sitenote_active": false, "_monsterinsights_sitenote_note": "", "_monsterinsights_sitenote_category": 0, "jetpack_post_was_ever_published": false, "_jetpack_newsletter_access": "", "_jetpack_dont_email_post_to_subs": false, "_jetpack_newsletter_tier_id": 0, "_jetpack_memberships_contains_paywalled_content": false, "_jetpack_memberships_contains_paid_content": false, "footnotes": "", "jetpack_publicize_message": "", "jetpack_publicize_feature_enabled": true, "jetpack_social_post_already_shared": true, "jetpack_social_options": {"image_generator_settings": {"template": "highway", "default_image_id": 0, "font": "", "enabled": false}, "version": 2}}, "categories": [2295], "tags": [2119, 2297, 2296, 2090], "class_list": ["post-8622", "post", "type-post", "status-publish", "format-standard", "has-post-thumbnail", "hentry", "category-hearts-of-stone", "tag-bruce-springstone", "tag-live-in-bedrock", "tag-meet-the-flintstones", "tag-take-me-out-to-the-ball-game"], "aioseo_notices": [], "jetpack_publicize_connections": [], "jetpack_featured_media_url": "https://i0.wp.com/estreetshuffle.com/wp-content/uploads/2019/04/bedrock.jpg?fit=500%2C500&ssl=1", "jetpack_sharing_enabled": true, "jetpack_shortlink": "https://wp.me/p9w3Lk-2f4", "jetpack_likes_enabled": true, "jetpack-related-posts": [{"id": 26255, "url": "https://estreetshuffle.com/index.php/2021/11/07/cover-me-lorenzo-bertocchini-linda-let-me-be-the-one/", "url_meta": {"origin": 8622, "position": 0}, "title": "Cover Me, Lorenzo Bertocchini: Linda, Let Me Be The One", "author": "Ken", "date": "November 7, 2021", "format": false, "excerpt": "From his wonderful 2009 tribute album Hearts of Stone, check out Lorenzo Bertocchini\u2019s beautiful arrangement of Bruce's very, very deep cut.", "rel": "", "context": "In &quot;Cover Me&quot;", "block_context": {"text": "Cover Me", "link": "https://estreetshuffle.com/index.php/category/cover-me/"}, "img": {"alt_text": "", "src": "https://i0.wp.com/estreetshuffle.com/wp-content/uploads/2021/11/lindabe.jpg?fit=1200%2C675&ssl=1&resize=350%2C200", "width": 350, "height": 200, "srcset": "https://i0.wp.com/estreetshuffle.com/wp-content/uploads/2021/11/lindabe.jpg?fit=1200%2C675&ssl=1&resize=350%2C200 1x, https://i0.wp.com/estreetshuffle.com/wp-content/uploads/2021/11/lindabe.jpg?fit=1200%2C675&ssl=1&resize=525%2C300 1.5x, https://i0.wp.com/estreetshuffle.com/wp-content/uploads/2021/11/lindabe.jpg?fit=1200%2C675&ssl=1&resize=700%2C400 2x, https://i0.wp.com/estreetshuffle.com/wp-content/uploads/2021/11/lindabe.jpg?fit=1200%2C675&ssl=1&resize=1050%2C600 3x"}, "classes": []}, {"id": 32951, "url": "https://estreetshuffle.com/index.php/2022/09/07/roll-of-the-dice-hearts-of-stone/", "url_meta": {"origin": 8622, "position": 1}, "title": "Roll of the Dice: Hearts of Stone", "author": "Ken", "date": "September 7, 2022", "format": false, "excerpt": "Whether in its original Southside Johnny incarnation or its more modern Tracks version, \"Hearts of Stone\" offers some of Bruce's most brutally, emotionally honest songwriting.", "rel": "", "context": "In &quot;Roll of the Dice&quot;", "block_context": {"text": "Roll of the Dice", "link": "https://estreetshuffle.com/index.php/category/roll-of-the-dice/"}, "img": {"alt_text": "", "src": "https://i0.wp.com/estreetshuffle.com/wp-content/uploads/2022/09/heartsstone.jpg?fit=1140%2C760&ssl=1&resize=350%2C200", "width": 350, "height": 200, "srcset": "https://i0.wp.com/estreetshuffle.com/wp-content/uploads/2022/09/heartsstone.jpg?fit=1140%2C760&ssl=1&resize=350%2C200 1x, https://i0.wp.com/estreetshuffle.com/wp-content/uploads/2022/09/heartsstone.jpg?fit=1140%2C760&ssl=1&resize=525%2C300 1.5x, https://i0.wp.com/estreetshuffle.com/wp-content/uploads/2022/09/heartsstone.jpg?fit=1140%2C760&ssl=1&resize=700%2C400 2x, https://i0.wp.com/estreetshuffle.com/wp-content/uploads/2022/09/heartsstone.jpg?fit=1140%2C760&ssl=1&resize=1050%2C600 3x"}, "classes": []}, {"id": 27325, "url": "https://estreetshuffle.com/index.php/2021/05/29/matr-southside-johnny-bruce-springsteen-little-steven-and-jon-bon-jovi-this-time-babys-gone-for-good/", "url_meta": {"origin": 8622, "position": 2}, "title": "MatR: Southside Johnny, Bruce Springsteen, Little Steven, and Jon Bon Jovi: This Time Baby&#8217;s Gone for Good", "author": "Ken", "date": "May 29, 2021", "format": false, "excerpt": "One time only: Jon Bon Jovi joins Bruce, Southside Johnny, and Little Steven on Steve's classic song from Southside's Hearts of Stone album.", "rel": "", "context": "In &quot;Cover Me&quot;", "block_context": {"text": "Cover Me", "link": "https://estreetshuffle.com/index.php/category/cover-me/"}, "img": {"alt_text": "", "src": "https://i0.wp.com/estreetshuffle.com/wp-content/uploads/2021/05/thistime.jpg?fit=1200%2C1200&ssl=1&resize=350%2C200", "width": 350, "height": 200, "srcset": "https://i0.wp.com/estreetshuffle.com/wp-content/uploads/2021/05/thistime.jpg?fit=1200%2C1200&ssl=1&resize=350%2C200 1x, https://i0.wp.com/estreetshuffle.com/wp-content/uploads/2021/05/thistime.jpg?fit=1200%2C1200&ssl=1&resize=525%2C300 1.5x, https://i0.wp.com/estreetshuffle.com/wp-content/uploads/2021/05/thistime.jpg?fit=1200%2C1200&ssl=1&resize=700%2C400 2x, https://i0.wp.com/estreetshuffle.com/wp-content/uploads/2021/05/thistime.jpg?fit=1200%2C1200&ssl=1&resize=1050%2C600 3x"}, "classes": []}, {"id": 3917, "url": "https://estreetshuffle.com/index.php/2018/08/19/cover-me-helen-schneider-hearts-of-stone/", "url_meta": {"origin": 8622, "position": 3}, "title": "Cover Me, Helen Schneider: Hearts of Stone", "author": "Ken", "date": "August 19, 2018", "format": false, "excerpt": "Yes, that's the actress who played Joann Carlino in Eddie and the Cruisers, taking a turn on Bruce's torch song.", "rel": "", "context": "In &quot;Cover Me&quot;", "block_context": {"text": "Cover Me", "link": "https://estreetshuffle.com/index.php/category/cover-me/"}, "img": {"alt_text": "", "src": "https://i0.wp.com/estreetshuffle.com/wp-content/uploads/2018/08/helen.jpg?fit=300%2C300&ssl=1&resize=350%2C200", "width": 350, "height": 200}, "classes": []}, {"id": 7702, "url": "https://estreetshuffle.com/index.php/2019/04/04/matr-i-played-the-fool/", "url_meta": {"origin": 8622, "position": 4}, "title": "MatR: Southside Johnny and Bruce Springsteen, I Played the Fool", "author": "Ken", "date": "April 4, 2019", "format": false, "excerpt": "From the Stone Pony's 20th anniversary concert: Bruce joins old friend Southside Johnny for a mini-set that kicks off with \"I Played the Fool.\"", "rel": "", "context": "In &quot;Cover Me&quot;", "block_context": {"text": "Cover Me", "link": "https://estreetshuffle.com/index.php/category/cover-me/"}, "img": {"alt_text": "", "src": "https://i0.wp.com/estreetshuffle.com/wp-content/uploads/2019/03/playedfool.jpg?fit=640%2C640&ssl=1&resize=350%2C200", "width": 350, "height": 200, "srcset": "https://i0.wp.com/estreetshuffle.com/wp-content/uploads/2019/03/playedfool.jpg?fit=640%2C640&ssl=1&resize=350%2C200 1x, https://i0.wp.com/estreetshuffle.com/wp-content/uploads/2019/03/playedfool.jpg?fit=640%2C640&ssl=1&resize=525%2C300 1.5x"}, "classes": []}, {"id": 26738, "url": "https://estreetshuffle.com/index.php/2021/04/21/spare-parts-lorenzo-bertocchini-hey-bruce/", "url_meta": {"origin": 8622, "position": 5}, "title": "Spare Parts: Lorenzo Bertocchini: Hey Bruce", "author": "Ken", "date": "April 21, 2021", "format": false, "excerpt": "From his wonderful tribute album Hearts of Stone, Lorenzo Bertocchini spins a shaggy dog story sure to delight Springsteen fans.", "rel": "", "context": "In &quot;Spare Parts&quot;", "block_context": {"text": "Spare Parts", "link": "https://estreetshuffle.com/index.php/category/spare-parts/"}, "img": {"alt_text": "", "src": "https://i0.wp.com/estreetshuffle.com/wp-content/uploads/2021/04/heybruce.jpg?fit=700%2C700&ssl=1&resize=350%2C200", "width": 350, "height": 200, "srcset": "https://i0.wp.com/estreetshuffle.com/wp-content/uploads/2021/04/heybruce.jpg?fit=700%2C700&ssl=1&resize=350%2C200 1x, https://i0.wp.com/estreetshuffle.com/wp-content/uploads/2021/04/heybruce.jpg?fit=700%2C700&ssl=1&resize=525%2C300 1.5x, https://i0.wp.com/estreetshuffle.com/wp-content/uploads/2021/04/heybruce.jpg?fit=700%2C700&ssl=1&resize=700%2C400 2x"}, "classes": []}], "_links": {"self": [{"href": "https://estreetshuffle.com/index.php/wp-json/wp/v2/posts/8622", "targetHints": {"allow": ["GET"]}}], "collection": [{"href": "https://estreetshuffle.com/index.php/wp-json/wp/v2/posts"}], "about": [{"href": "https://estreetshuffle.com/index.php/wp-json/wp/v2/types/post"}], "author": [{"embeddable": true, "href": "https://estreetshuffle.com/index.php/wp-json/wp/v2/users/1"}], "replies": [{"embeddable": true, "href": "https://estreetshuffle.com/index.php/wp-json/wp/v2/comments?post=8622"}], "version-history": [{"count": 4, "href": "https://estreetshuffle.com/index.php/wp-json/wp/v2/posts/8622/revisions"}], "predecessor-version": [{"id": 47483, "href": "https://estreetshuffle.com/index.php/wp-json/wp/v2/posts/8622/revisions/47483"}], "wp:featuredmedia": [{"embeddable": true, "href": "https://estreetshuffle.com/index.php/wp-json/wp/v2/media/8623"}], "wp:attachment": [{"href": "https://estreetshuffle.com/index.php/wp-json/wp/v2/media?parent=8622"}], "wp:term": [{"taxonomy": "category", "embeddable": true, "href": "https://estreetshuffle.com/index.php/wp-json/wp/v2/categories?post=8622"}, {"taxonomy": "post_tag", "embeddable": true, "href": "https://estreetshuffle.com/index.php/wp-json/wp/v2/tags?post=8622"}], "curies": [{"name": "wp", "href": "https://api.w.org/{rel}", "templated": true}]}}]