[{"id": 22287, "date": "1976-01-24T11:00:00", "date_gmt": "1976-01-24T19:00:00", "guid": {"rendered": "http://estreetshuffle.com/?p=22287"}, "modified": "2025-11-15T05:16:41", "modified_gmt": "2025-11-15T13:16:41", "slug": "matr-bruce-springsteen-tracy-chapman-sting-peter-gabriel-and-youssou-ndour-get-up-stand-up", "status": "publish", "type": "post", "link": "https://estreetshuffle.com/index.php/1976/01/24/matr-bruce-springsteen-tracy-chapman-sting-peter-gabriel-and-youssou-ndour-get-up-stand-up/", "title": {"rendered": "Get Up, Stand Up"}, "content": {"rendered": "<p>It was the perfect song to end with each night.</p>\n<p>Written by Bob Marley and Peter Tosh after witnessing poverty conditions in Haiti, The Wailers&#8217; &#8220;Get Up, Stand Up&#8221; has become a rallying cry the world over since its original release in 1973.</p>\n<div class=\"jetpack-video-wrapper\"><iframe loading=\"lazy\" title=\"Get Up Stand Up (Official Fan Video &#039;Legend 30th&#039;) - Bob Marley\" width=\"758\" height=\"426\" src=\"https://www.youtube.com/embed/IhQEBAl3Gpk?feature=oembed\" frameborder=\"0\" allow=\"accelerometer; autoplay; clipboard-write; encrypted-media; gyroscope; picture-in-picture; web-share\" referrerpolicy=\"strict-origin-when-cross-origin\" allowfullscreen></iframe></div>\n<p>Marley used to end his own concerts with &#8220;Get Up, Stand Up,&#8221; and it was the last song he ever performed on stage.\u00a0<em>Rolling Stone</em> wrote that it may be &#8220;the most potent song ever about human rights and the fight to secure them.&#8221;</p>\n<p>All of which made &#8220;Get Up, Stand Up,&#8221; a fitting closer for every show on the 1988 Human Rights Now! Tour. At the end of each night, the assembled artists (almost always including Bruce, Sting, Peter Gabriel, Tracey Chapman, Youssou N&#8217;Dour, plus whoever else might have joined the line-up for a particular show) performed &#8220;Get Up, Stand Up,&#8221; as their final encore, leading the audience in a massive singalong.</p>\n<div class=\"jetpack-video-wrapper\"><iframe loading=\"lazy\" title=\"Get Up, Stand Up - Amnesty Internacional 1988 (Completo)\" width=\"758\" height=\"569\" src=\"https://www.youtube.com/embed/n1ltCJD-UY8?feature=oembed\" frameborder=\"0\" allow=\"accelerometer; autoplay; clipboard-write; encrypted-media; gyroscope; picture-in-picture; web-share\" referrerpolicy=\"strict-origin-when-cross-origin\" allowfullscreen></iframe></div>\n<p>Bruce had never performed the song live before the Human Rights Now! Tour, and he hasn&#8217;t performed it since&#8211;except for once: at the tenth anniversary benefit concert for the original tour in the autumn of 1998 in Paris.</p>\n<p>Sting wasn&#8217;t there for the occasion, but the rest of the original line-up was.</p>\n<div class=\"jetpack-video-wrapper\"><iframe loading=\"lazy\" title=\"Tracy Chapman, Bruce Springsteen, Peter Gabriel, Youssou N&#039;Dour - Get Up, Stand Up (Live)\" width=\"758\" height=\"569\" src=\"https://www.youtube.com/embed/lqw0IDx-AtQ?feature=oembed\" frameborder=\"0\" allow=\"accelerometer; autoplay; clipboard-write; encrypted-media; gyroscope; picture-in-picture; web-share\" referrerpolicy=\"strict-origin-when-cross-origin\" allowfullscreen></iframe></div>\n<p>Although &#8220;Get Up, Stand Up&#8221; is still as timely as ever, Bruce hasn&#8217;t performed the song since.</p>\n<p>But we can still relive both his 1988 and 1998 performances thanks to official releases of both by Amnesty International.</p>\n<div class=\"jetpack-video-wrapper\"><iframe loading=\"lazy\" title=\"Get Up, Stand Up (Live)\" width=\"758\" height=\"569\" src=\"https://www.youtube.com/embed/kxmilCeG7BQ?feature=oembed\" frameborder=\"0\" allow=\"accelerometer; autoplay; clipboard-write; encrypted-media; gyroscope; picture-in-picture; web-share\" referrerpolicy=\"strict-origin-when-cross-origin\" allowfullscreen></iframe></div>\n<p><iframe title=\"Spotify Embed: Get Up, Stand Up - Live\" style=\"border-radius: 12px\" width=\"100%\" height=\"152\" frameborder=\"0\" allowfullscreen allow=\"autoplay; clipboard-write; encrypted-media; fullscreen; picture-in-picture\" loading=\"lazy\" src=\"https://open.spotify.com/embed/track/0oU46mS0BO7QxHYEQKKRCX?utm_source=oembed\"></iframe></p>\n<p><strong>Get Up, Stand Up<br />\nFirst performed:</strong> September 2, 1988 (London, England)<br />\n<strong>Last performed:</strong> December 10, 1998 (Paris, France)</p>\n<p>(c) November 13, 2020</p>\n", "protected": false}, "excerpt": {"rendered": "<p>&#8220;Get Up, Stand Up&#8221; was the perfect song to end each show on the Human Rights Now! Tour and kick off the tour&#8217;s 10th anniversary celebration. Watch both performances inside.</p>\n", "protected": false}, "author": 1, "featured_media": 63228, "comment_status": "open", "ping_status": "open", "sticky": false, "template": "", "format": "standard", "meta": {"_monsterinsights_skip_tracking": false, "_monsterinsights_sitenote_active": false, "_monsterinsights_sitenote_note": "", "_monsterinsights_sitenote_category": 0, "jetpack_post_was_ever_published": false, "_jetpack_newsletter_access": "", "_jetpack_dont_email_post_to_subs": false, "_jetpack_newsletter_tier_id": 0, "_jetpack_memberships_contains_paywalled_content": false, "_jetpack_memberships_contains_paid_content": false, "footnotes": "", "jetpack_publicize_message": "", "jetpack_publicize_feature_enabled": true, "jetpack_social_post_already_shared": true, "jetpack_social_options": {"image_generator_settings": {"template": "highway", "default_image_id": 0, "font": "", "enabled": false}, "version": 2}}, "categories": [4, 3603, 5], "tags": [2963, 1544, 1975, 240, 2962, 1677, 1976], "class_list": ["post-22287", "post", "type-post", "status-publish", "format-standard", "has-post-thumbnail", "hentry", "category-cover-me", "category-encore", "category-meeting-across-the-river", "tag-bob-marley", "tag-get-up-stand-up", "tag-peter-gabriel", "tag-sting", "tag-the-wailers", "tag-tracy-chapman", "tag-youssou-ndour"], "aioseo_notices": [], "jetpack_publicize_connections": [], "jetpack_featured_media_url": "https://i0.wp.com/estreetshuffle.com/wp-content/uploads/1976/01/getup.jpg?fit=1280%2C720&ssl=1", "jetpack_sharing_enabled": true, "jetpack_shortlink": "https://wp.me/p9w3Lk-5Nt", "jetpack_likes_enabled": true, "jetpack-related-posts": [{"id": 55287, "url": "https://estreetshuffle.com/index.php/2024/12/10/kingdom-of-days-december-10/", "url_meta": {"origin": 22287, "position": 0}, "title": "Kingdom of Days: December 10", "author": "Ken", "date": "December 10, 2024", "format": false, "excerpt": "Bruce celebrates the tenth anniversary of the Human Rights Now! Tour in Paris, wins an important lawsuit in the UK, plays his first-ever concert in Mexico, and more.", "rel": "", "context": "In &quot;Kingdom of Days&quot;", "block_context": {"text": "Kingdom of Days", "link": "https://estreetshuffle.com/index.php/category/kingdom-of-days/"}, "img": {"alt_text": "", "src": "https://i0.wp.com/estreetshuffle.com/wp-content/uploads/2021/12/Bruce-SpringsteenSNL.jpeg?fit=1200%2C675&ssl=1&resize=350%2C200", "width": 350, "height": 200, "srcset": "https://i0.wp.com/estreetshuffle.com/wp-content/uploads/2021/12/Bruce-SpringsteenSNL.jpeg?fit=1200%2C675&ssl=1&resize=350%2C200 1x, https://i0.wp.com/estreetshuffle.com/wp-content/uploads/2021/12/Bruce-SpringsteenSNL.jpeg?fit=1200%2C675&ssl=1&resize=525%2C300 1.5x, https://i0.wp.com/estreetshuffle.com/wp-content/uploads/2021/12/Bruce-SpringsteenSNL.jpeg?fit=1200%2C675&ssl=1&resize=700%2C400 2x, https://i0.wp.com/estreetshuffle.com/wp-content/uploads/2021/12/Bruce-SpringsteenSNL.jpeg?fit=1200%2C675&ssl=1&resize=1050%2C600 3x"}, "classes": []}, {"id": 8407, "url": "https://estreetshuffle.com/index.php/2019/04/07/matr-sting-and-bruce-springsteen-every-breath-you-take/", "url_meta": {"origin": 22287, "position": 1}, "title": "MatR: Sting and Bruce Springsteen, Every Breath You Take", "author": "Ken", "date": "April 7, 2019", "format": false, "excerpt": "One of the nightly highlights of the Human Rights Now! Tour was Sting's set-closing team-up with Bruce on \"Every Breath You Take.\" Watch their infectiously joyous performance inside.", "rel": "", "context": "In &quot;Cover Me&quot;", "block_context": {"text": "Cover Me", "link": "https://estreetshuffle.com/index.php/category/cover-me/"}, "img": {"alt_text": "", "src": "https://i0.wp.com/estreetshuffle.com/wp-content/uploads/2019/04/every-breath.jpg?fit=600%2C602&ssl=1&resize=350%2C200", "width": 350, "height": 200, "srcset": "https://i0.wp.com/estreetshuffle.com/wp-content/uploads/2019/04/every-breath.jpg?fit=600%2C602&ssl=1&resize=350%2C200 1x, https://i0.wp.com/estreetshuffle.com/wp-content/uploads/2019/04/every-breath.jpg?fit=600%2C602&ssl=1&resize=525%2C300 1.5x"}, "classes": []}, {"id": 59530, "url": "https://estreetshuffle.com/index.php/2025/09/02/kingdom-of-days-september-2-2/", "url_meta": {"origin": 22287, "position": 2}, "title": "Kingdom of Days: September 2", "author": "Ken", "date": "September 2, 2025", "format": false, "excerpt": "The Human Rights Now! Tour kicks off, Bruce and Bob Seger meet for the first time, Bruce and the E Street Band help inaugurate the Rock and Roll Hall of Fame, and more.", "rel": "", "context": "In &quot;Kingdom of Days&quot;", "block_context": {"text": "Kingdom of Days", "link": "https://estreetshuffle.com/index.php/category/kingdom-of-days/"}, "img": {"alt_text": "", "src": "https://i0.wp.com/estreetshuffle.com/wp-content/uploads/2019/08/19880902_front.jpg?fit=1200%2C1200&ssl=1&resize=350%2C200", "width": 350, "height": 200, "srcset": "https://i0.wp.com/estreetshuffle.com/wp-content/uploads/2019/08/19880902_front.jpg?fit=1200%2C1200&ssl=1&resize=350%2C200 1x, https://i0.wp.com/estreetshuffle.com/wp-content/uploads/2019/08/19880902_front.jpg?fit=1200%2C1200&ssl=1&resize=525%2C300 1.5x, https://i0.wp.com/estreetshuffle.com/wp-content/uploads/2019/08/19880902_front.jpg?fit=1200%2C1200&ssl=1&resize=700%2C400 2x, https://i0.wp.com/estreetshuffle.com/wp-content/uploads/2019/08/19880902_front.jpg?fit=1200%2C1200&ssl=1&resize=1050%2C600 3x"}, "classes": []}, {"id": 14358, "url": "https://estreetshuffle.com/index.php/2019/11/28/matr-bruce-springsteen-and-jah-love-one-love-people-get-ready/", "url_meta": {"origin": 22287, "position": 3}, "title": "MatR: Bruce Springsteen and Jah Love, One Love/People Get Ready", "author": "Ken", "date": "November 28, 2019", "format": false, "excerpt": "One time only: Bruce joins New Jersey reggae singer Jah Love for a game cover of Bob Marley's beloved classic, \"One Love,\" in the summer of 1987.", "rel": "", "context": "In &quot;Cover Me&quot;", "block_context": {"text": "Cover Me", "link": "https://estreetshuffle.com/index.php/category/cover-me/"}, "img": {"alt_text": "", "src": "https://i0.wp.com/estreetshuffle.com/wp-content/uploads/2019/11/onelove.jpg?fit=600%2C600&ssl=1&resize=350%2C200", "width": 350, "height": 200, "srcset": "https://i0.wp.com/estreetshuffle.com/wp-content/uploads/2019/11/onelove.jpg?fit=600%2C600&ssl=1&resize=350%2C200 1x, https://i0.wp.com/estreetshuffle.com/wp-content/uploads/2019/11/onelove.jpg?fit=600%2C600&ssl=1&resize=525%2C300 1.5x"}, "classes": []}, {"id": 57749, "url": "https://estreetshuffle.com/index.php/2025/07/18/kingdom-of-days-july-18-2/", "url_meta": {"origin": 22287, "position": 4}, "title": "Kingdom of Days: July 18", "author": "Ken", "date": "July 18, 2025", "format": false, "excerpt": "Bruce makes a surprise \"guest\" appearance with Joe Grushecky (if 15 of 18 songs can be considered a guest appearance), Bruce teases an injured Jake, the Devils and Dust Tour set list busts open, and more.", "rel": "", "context": "In &quot;Kingdom of Days&quot;", "block_context": {"text": "Kingdom of Days", "link": "https://estreetshuffle.com/index.php/category/kingdom-of-days/"}, "img": {"alt_text": "", "src": "https://i0.wp.com/estreetshuffle.com/wp-content/uploads/2023/07/19990718.jpeg?fit=1200%2C1200&ssl=1&resize=350%2C200", "width": 350, "height": 200, "srcset": "https://i0.wp.com/estreetshuffle.com/wp-content/uploads/2023/07/19990718.jpeg?fit=1200%2C1200&ssl=1&resize=350%2C200 1x, https://i0.wp.com/estreetshuffle.com/wp-content/uploads/2023/07/19990718.jpeg?fit=1200%2C1200&ssl=1&resize=525%2C300 1.5x, https://i0.wp.com/estreetshuffle.com/wp-content/uploads/2023/07/19990718.jpeg?fit=1200%2C1200&ssl=1&resize=700%2C400 2x, https://i0.wp.com/estreetshuffle.com/wp-content/uploads/2023/07/19990718.jpeg?fit=1200%2C1200&ssl=1&resize=1050%2C600 3x"}, "classes": []}, {"id": 4784, "url": "https://estreetshuffle.com/index.php/2018/10/27/meeting-across-the-river-the-epidemics-and-bruce-springsteen-up-to-you/", "url_meta": {"origin": 22287, "position": 5}, "title": "Meeting Across the River: The Epidemics and Bruce Springsteen: Up to You", "author": "Ken", "date": "October 27, 2018", "format": false, "excerpt": "At his only appearance to date in India, Bruce joined The Epidemics on stage and contributed his harmonica stylings to their song \"Up to You.\" It ended up being integrated into the released studio track.", "rel": "", "context": "In &quot;Meeting Across the River&quot;", "block_context": {"text": "Meeting Across the River", "link": "https://estreetshuffle.com/index.php/category/meeting-across-the-river/"}, "img": {"alt_text": "", "src": "https://i0.wp.com/estreetshuffle.com/wp-content/uploads/2018/10/uptoyou.jpg?fit=600%2C593&ssl=1&resize=350%2C200", "width": 350, "height": 200, "srcset": "https://i0.wp.com/estreetshuffle.com/wp-content/uploads/2018/10/uptoyou.jpg?fit=600%2C593&ssl=1&resize=350%2C200 1x, https://i0.wp.com/estreetshuffle.com/wp-content/uploads/2018/10/uptoyou.jpg?fit=600%2C593&ssl=1&resize=525%2C300 1.5x"}, "classes": []}], "_links": {"self": [{"href": "https://estreetshuffle.com/index.php/wp-json/wp/v2/posts/22287", "targetHints": {"allow": ["GET"]}}], "collection": [{"href": "https://estreetshuffle.com/index.php/wp-json/wp/v2/posts"}], "about": [{"href": "https://estreetshuffle.com/index.php/wp-json/wp/v2/types/post"}], "author": [{"embeddable": true, "href": "https://estreetshuffle.com/index.php/wp-json/wp/v2/users/1"}], "replies": [{"embeddable": true, "href": "https://estreetshuffle.com/index.php/wp-json/wp/v2/comments?post=22287"}], "version-history": [{"count": 7, "href": "https://estreetshuffle.com/index.php/wp-json/wp/v2/posts/22287/revisions"}], "predecessor-version": [{"id": 63229, "href": "https://estreetshuffle.com/index.php/wp-json/wp/v2/posts/22287/revisions/63229"}], "wp:featuredmedia": [{"embeddable": true, "href": "https://estreetshuffle.com/index.php/wp-json/wp/v2/media/63228"}], "wp:attachment": [{"href": "https://estreetshuffle.com/index.php/wp-json/wp/v2/media?parent=22287"}], "wp:term": [{"taxonomy": "category", "embeddable": true, "href": "https://estreetshuffle.com/index.php/wp-json/wp/v2/categories?post=22287"}, {"taxonomy": "post_tag", "embeddable": true, "href": "https://estreetshuffle.com/index.php/wp-json/wp/v2/tags?post=22287"}], "curies": [{"name": "wp", "href": "https://api.w.org/{rel}", "templated": true}]}}, {"id": 24477, "date": "1976-01-05T09:00:00", "date_gmt": "1976-01-05T17:00:00", "guid": {"rendered": "https://estreetshuffle.com/?p=24477"}, "modified": "2025-11-15T09:46:44", "modified_gmt": "2025-11-15T17:46:44", "slug": "cover-me-carol", "status": "publish", "type": "post", "link": "https://estreetshuffle.com/index.php/1976/01/05/cover-me-carol/", "title": {"rendered": "Carol"}, "content": {"rendered": "<p>It wasn&#8217;t his biggest hit (it wasn&#8217;t even his biggest hit that year), but it was one of his most influential.</p>\n<p>Chuck Berry recorded &#8220;Carol&#8221; on May 2, 1958, and by mid-September it had caught fire thanks to its famous guitar lick, reaching #9 on the Billboard R&amp;B chart and #18 on the Hot 100.</p>\n<div class=\"jetpack-video-wrapper\"><iframe loading=\"lazy\" title=\"Chuck Berry - Carol\" width=\"758\" height=\"426\" src=\"https://www.youtube.com/embed/3MC9CRL1cX4?feature=oembed\" frameborder=\"0\" allow=\"accelerometer; autoplay; clipboard-write; encrypted-media; gyroscope; picture-in-picture; web-share\" referrerpolicy=\"strict-origin-when-cross-origin\" allowfullscreen></iframe></div>\n<p>&#8220;Carol&#8221; wasn&#8217;t a hit overseas, but if it didn&#8217;t reach a big audience it at least reached an influential one. The Beatles loved the track and performed it in their <em>Pop Go the Beatles</em> performance on the BBC in 1963.</p>\n<div class=\"jetpack-video-wrapper\"><iframe loading=\"lazy\" title=\"Carol (Live At The BBC For &quot;Pop Go The Beatles&quot; / 16th July, 1963)\" width=\"758\" height=\"569\" src=\"https://www.youtube.com/embed/IYUw-0NDicE?feature=oembed\" frameborder=\"0\" allow=\"accelerometer; autoplay; clipboard-write; encrypted-media; gyroscope; picture-in-picture; web-share\" referrerpolicy=\"strict-origin-when-cross-origin\" allowfullscreen></iframe></div>\n<p>And a year later, The Rolling Stones recorded it for their debut album (and released a live version five years after that).</p>\n<div class=\"jetpack-video-wrapper\"><iframe loading=\"lazy\" title=\"Carol\" width=\"758\" height=\"569\" src=\"https://www.youtube.com/embed/jwgZ8Xj1Og4?feature=oembed\" frameborder=\"0\" allow=\"accelerometer; autoplay; clipboard-write; encrypted-media; gyroscope; picture-in-picture; web-share\" referrerpolicy=\"strict-origin-when-cross-origin\" allowfullscreen></iframe></div>\n<p>Berry&#8217;s stamp was all over Bruce Springsteen&#8217;s Born to Run Tour too, with &#8220;Carol&#8221; making no less than sixteen appearances during the summer and fall of 1975, including a raucous performance at The Roxy in Los Angeles on Berry&#8217;s 49th birthday.</p>\n<div class=\"jetpack-video-wrapper\"><iframe loading=\"lazy\" title=\"Carol (Live at The Roxy, West Hollywood, CA - 10/18/1975)\" width=\"758\" height=\"569\" src=\"https://www.youtube.com/embed/kDnTDJjMi1s?feature=oembed\" frameborder=\"0\" allow=\"accelerometer; autoplay; clipboard-write; encrypted-media; gyroscope; picture-in-picture; web-share\" referrerpolicy=\"strict-origin-when-cross-origin\" allowfullscreen></iframe></div>\n<p>According to Bruce, he&#8217;d been playing &#8220;Carol&#8221; on stage in bars long before that night, since right about the time The Stones released their version. No record of him covering it that early survives, but there are certainly many surviving recordings from post-<em>Born to Run</em> bar gigs: no less than twenty known performances between 1977 and 1989, with artists like former Steel Mill bandmate Robbin Thompson&#8230;.</p>\n<!--[if lt IE 9]><script data-jetpack-boost=\"ignore\">document.createElement('audio');</script><![endif]-->\n<audio class=\"wp-audio-shortcode\" id=\"audio-24477-1\" preload=\"none\" style=\"width: 100%;\" controls=\"controls\"><source type=\"audio/mpeg\" src=\"https://estreetshuffle.com/wp-content/uploads/2022/02/1981-08-06-Washington-01.-Carol.mp3?_=1\" /><a href=\"https://estreetshuffle.com/wp-content/uploads/2022/02/1981-08-06-Washington-01.-Carol.mp3\">https://estreetshuffle.com/wp-content/uploads/2022/02/1981-08-06-Washington-01.-Carol.mp3</a></audio>\n<p>&#8230;and future E Street bandmate Nils Lofgren.</p>\n<audio class=\"wp-audio-shortcode\" id=\"audio-24477-2\" preload=\"none\" style=\"width: 100%;\" controls=\"controls\"><source type=\"audio/mpeg\" src=\"https://estreetshuffle.com/wp-content/uploads/2022/02/02-Bruce-Springsteen-with-Nils-Lofgren.-Carol.mp3?_=2\" /><a href=\"https://estreetshuffle.com/wp-content/uploads/2022/02/02-Bruce-Springsteen-with-Nils-Lofgren.-Carol.mp3\">https://estreetshuffle.com/wp-content/uploads/2022/02/02-Bruce-Springsteen-with-Nils-Lofgren.-Carol.mp3</a></audio>\n<p>Bruce&#8217;s ease and familiarity with Berry&#8217;s song is evident in every performance, which is probably why it popped up so often in Bruce&#8217;s string of surprise club appearances in the eighties.</p>\n<p>&#8220;Carol&#8221; made her last appearance with Bruce at a Stone Pony appearance with Cats on a Smooth Surface in 1989. But even though she hasn&#8217;t been seen since, don&#8217;t count her out. &#8220;Carol&#8221; is a perennial favorite of rock and roll bands to this day.</p>\n<p><strong>Carol<br />\nFirst performed:</strong> July 26, 1975 (Kutztown, PA)<br />\n<strong>Last performed:</strong> July 23, 1989 (Asbury Park, NJ)</p>\n<p>(c) February 17, 2022</p>\n", "protected": false}, "excerpt": {"rendered": "<p>On the Born to Run Tour, Chuck Berry&#8217;s 1958 classic made frequent encore appearances.</p>\n", "protected": false}, "author": 1, "featured_media": 63252, "comment_status": "open", "ping_status": "open", "sticky": false, "template": "", "format": "standard", "meta": {"_monsterinsights_skip_tracking": false, "_monsterinsights_sitenote_active": false, "_monsterinsights_sitenote_note": "", "_monsterinsights_sitenote_category": 0, "jetpack_post_was_ever_published": false, "_jetpack_newsletter_access": "", "_jetpack_dont_email_post_to_subs": false, "_jetpack_newsletter_tier_id": 0, "_jetpack_memberships_contains_paywalled_content": false, "_jetpack_memberships_contains_paid_content": false, "footnotes": "", "jetpack_publicize_message": "", "jetpack_publicize_feature_enabled": true, "jetpack_social_post_already_shared": true, "jetpack_social_options": {"image_generator_settings": {"template": "highway", "default_image_id": 0, "font": "", "enabled": false}, "version": 2}}, "categories": [4, 3603, 5], "tags": [1334, 1210], "class_list": ["post-24477", "post", "type-post", "status-publish", "format-standard", "has-post-thumbnail", "hentry", "category-cover-me", "category-encore", "category-meeting-across-the-river", "tag-carol", "tag-check-berry"], "aioseo_notices": [], "jetpack_publicize_connections": [], "jetpack_featured_media_url": "https://i0.wp.com/estreetshuffle.com/wp-content/uploads/1976/01/Chuck-Berry-Carol.webp?fit=820%2C825&ssl=1", "jetpack_sharing_enabled": true, "jetpack_shortlink": "https://wp.me/p9w3Lk-6mN", "jetpack_likes_enabled": true, "jetpack-related-posts": [{"id": 19668, "url": "https://estreetshuffle.com/index.php/2020/08/01/cover-me-tell-me-why/", "url_meta": {"origin": 24477, "position": 0}, "title": "Cover Me: Tell Me Why", "author": "Ken", "date": "August 1, 2020", "format": false, "excerpt": "One time only (in public, at least): Bruce Springsteen pays tribute to the Fab Four when the E Street Band plays their first-ever show in the same Atlantic City building where The Beatles once played.", "rel": "", "context": "In &quot;Cover Me&quot;", "block_context": {"text": "Cover Me", "link": "https://estreetshuffle.com/index.php/category/cover-me/"}, "img": {"alt_text": "", "src": "https://i0.wp.com/estreetshuffle.com/wp-content/uploads/2020/08/the-beatles-if-i-fell-parlophone-4.jpg?fit=486%2C484&ssl=1&resize=350%2C200", "width": 350, "height": 200}, "classes": []}, {"id": 27052, "url": "https://estreetshuffle.com/index.php/2021/06/02/matr-bruce-springsteen-paul-simon-billy-joel-james-taylor-and-more-rock-and-roll-music/", "url_meta": {"origin": 24477, "position": 1}, "title": "MatR: Bruce Springsteen, Paul Simon, Billy Joel, James Taylor, and more: Rock and Roll Music", "author": "Ken", "date": "June 2, 2021", "format": false, "excerpt": "One time only: Bruce leads an all-star line-up on a raucous cover of Chuck Berry's \"Rock and Roll Music.\"", "rel": "", "context": "In &quot;Cover Me&quot;", "block_context": {"text": "Cover Me", "link": "https://estreetshuffle.com/index.php/category/cover-me/"}, "img": {"alt_text": "", "src": "https://i0.wp.com/estreetshuffle.com/wp-content/uploads/2021/06/rrmusic.jpg?fit=1200%2C1182&ssl=1&resize=350%2C200", "width": 350, "height": 200, "srcset": "https://i0.wp.com/estreetshuffle.com/wp-content/uploads/2021/06/rrmusic.jpg?fit=1200%2C1182&ssl=1&resize=350%2C200 1x, https://i0.wp.com/estreetshuffle.com/wp-content/uploads/2021/06/rrmusic.jpg?fit=1200%2C1182&ssl=1&resize=525%2C300 1.5x, https://i0.wp.com/estreetshuffle.com/wp-content/uploads/2021/06/rrmusic.jpg?fit=1200%2C1182&ssl=1&resize=700%2C400 2x, https://i0.wp.com/estreetshuffle.com/wp-content/uploads/2021/06/rrmusic.jpg?fit=1200%2C1182&ssl=1&resize=1050%2C600 3x"}, "classes": []}, {"id": 34072, "url": "https://estreetshuffle.com/index.php/2022/04/20/cover-me-chains/", "url_meta": {"origin": 24477, "position": 2}, "title": "Cover Me: Chains", "author": "Ken", "date": "April 20, 2022", "format": false, "excerpt": "One time only: The Bruce Springsteen Band takes a swing at a girl group classic.", "rel": "", "context": "In &quot;Cover Me&quot;", "block_context": {"text": "Cover Me", "link": "https://estreetshuffle.com/index.php/category/cover-me/"}, "img": {"alt_text": "", "src": "https://i0.wp.com/estreetshuffle.com/wp-content/uploads/2022/04/chains.jpg?fit=1200%2C675&ssl=1&resize=350%2C200", "width": 350, "height": 200, "srcset": "https://i0.wp.com/estreetshuffle.com/wp-content/uploads/2022/04/chains.jpg?fit=1200%2C675&ssl=1&resize=350%2C200 1x, https://i0.wp.com/estreetshuffle.com/wp-content/uploads/2022/04/chains.jpg?fit=1200%2C675&ssl=1&resize=525%2C300 1.5x, https://i0.wp.com/estreetshuffle.com/wp-content/uploads/2022/04/chains.jpg?fit=1200%2C675&ssl=1&resize=700%2C400 2x, https://i0.wp.com/estreetshuffle.com/wp-content/uploads/2022/04/chains.jpg?fit=1200%2C675&ssl=1&resize=1050%2C600 3x"}, "classes": []}, {"id": 41893, "url": "https://estreetshuffle.com/index.php/2023/02/25/matr-bruce-springsteen-joe-grushecky-and-gary-u-s-bonds-the-twist/", "url_meta": {"origin": 24477, "position": 3}, "title": "MatR: Bruce Springsteen, Joe Grushecky, and Gary U.S. Bonds: The Twist", "author": "Ken", "date": "February 25, 2023", "format": false, "excerpt": "It's the biggest rock and roll single in history, but Bruce only ever covered it once.", "rel": "", "context": "In &quot;Cover Me&quot;", "block_context": {"text": "Cover Me", "link": "https://estreetshuffle.com/index.php/category/cover-me/"}, "img": {"alt_text": "", "src": "https://i0.wp.com/estreetshuffle.com/wp-content/uploads/2023/02/twist.jpg?fit=1200%2C1200&ssl=1&resize=350%2C200", "width": 350, "height": 200, "srcset": "https://i0.wp.com/estreetshuffle.com/wp-content/uploads/2023/02/twist.jpg?fit=1200%2C1200&ssl=1&resize=350%2C200 1x, https://i0.wp.com/estreetshuffle.com/wp-content/uploads/2023/02/twist.jpg?fit=1200%2C1200&ssl=1&resize=525%2C300 1.5x, https://i0.wp.com/estreetshuffle.com/wp-content/uploads/2023/02/twist.jpg?fit=1200%2C1200&ssl=1&resize=700%2C400 2x, https://i0.wp.com/estreetshuffle.com/wp-content/uploads/2023/02/twist.jpg?fit=1200%2C1200&ssl=1&resize=1050%2C600 3x"}, "classes": []}, {"id": 52383, "url": "https://estreetshuffle.com/index.php/2024/07/06/matr-paul-mccartney-and-bruce-springsteen-the-end/", "url_meta": {"origin": 24477, "position": 4}, "title": "MatR: Paul McCartney and Bruce Springsteen: The End", "author": "Ken", "date": "July 6, 2024", "format": false, "excerpt": "Not just once but three times: Bruce Springsteen plays guitar hero with Paul McCartney in live performances of The Beatles' legendary final track.", "rel": "", "context": "In &quot;Cover Me&quot;", "block_context": {"text": "Cover Me", "link": "https://estreetshuffle.com/index.php/category/cover-me/"}, "img": {"alt_text": "", "src": "https://i0.wp.com/estreetshuffle.com/wp-content/uploads/2024/07/maxresdefault.jpg?fit=1200%2C675&ssl=1&resize=350%2C200", "width": 350, "height": 200, "srcset": "https://i0.wp.com/estreetshuffle.com/wp-content/uploads/2024/07/maxresdefault.jpg?fit=1200%2C675&ssl=1&resize=350%2C200 1x, https://i0.wp.com/estreetshuffle.com/wp-content/uploads/2024/07/maxresdefault.jpg?fit=1200%2C675&ssl=1&resize=525%2C300 1.5x, https://i0.wp.com/estreetshuffle.com/wp-content/uploads/2024/07/maxresdefault.jpg?fit=1200%2C675&ssl=1&resize=700%2C400 2x, https://i0.wp.com/estreetshuffle.com/wp-content/uploads/2024/07/maxresdefault.jpg?fit=1200%2C675&ssl=1&resize=1050%2C600 3x"}, "classes": []}, {"id": 44211, "url": "https://estreetshuffle.com/index.php/2023/07/15/matr-paul-mccartney-and-bruce-springsteen-i-wanna-be-your-man/", "url_meta": {"origin": 24477, "position": 5}, "title": "MatR: Paul McCartney and Bruce Springsteen: I Wanna Be Your Man", "author": "Ken", "date": "July 15, 2023", "format": false, "excerpt": "It was a surprising choice for a surprise performance, but it proved so nice they did it twice.", "rel": "", "context": "In &quot;Cover Me&quot;", "block_context": {"text": "Cover Me", "link": "https://estreetshuffle.com/index.php/category/cover-me/"}, "img": {"alt_text": "", "src": "https://i0.wp.com/estreetshuffle.com/wp-content/uploads/2023/07/wannabe.jpg?fit=998%2C1000&ssl=1&resize=350%2C200", "width": 350, "height": 200, "srcset": "https://i0.wp.com/estreetshuffle.com/wp-content/uploads/2023/07/wannabe.jpg?fit=998%2C1000&ssl=1&resize=350%2C200 1x, https://i0.wp.com/estreetshuffle.com/wp-content/uploads/2023/07/wannabe.jpg?fit=998%2C1000&ssl=1&resize=525%2C300 1.5x, https://i0.wp.com/estreetshuffle.com/wp-content/uploads/2023/07/wannabe.jpg?fit=998%2C1000&ssl=1&resize=700%2C400 2x"}, "classes": []}], "_links": {"self": [{"href": "https://estreetshuffle.com/index.php/wp-json/wp/v2/posts/24477", "targetHints": {"allow": ["GET"]}}], "collection": [{"href": "https://estreetshuffle.com/index.php/wp-json/wp/v2/posts"}], "about": [{"href": "https://estreetshuffle.com/index.php/wp-json/wp/v2/types/post"}], "author": [{"embeddable": true, "href": "https://estreetshuffle.com/index.php/wp-json/wp/v2/users/1"}], "replies": [{"embeddable": true, "href": "https://estreetshuffle.com/index.php/wp-json/wp/v2/comments?post=24477"}], "version-history": [{"count": 10, "href": "https://estreetshuffle.com/index.php/wp-json/wp/v2/posts/24477/revisions"}], "predecessor-version": [{"id": 63257, "href": "https://estreetshuffle.com/index.php/wp-json/wp/v2/posts/24477/revisions/63257"}], "wp:featuredmedia": [{"embeddable": true, "href": "https://estreetshuffle.com/index.php/wp-json/wp/v2/media/63252"}], "wp:attachment": [{"href": "https://estreetshuffle.com/index.php/wp-json/wp/v2/media?parent=24477"}], "wp:term": [{"taxonomy": "category", "embeddable": true, "href": "https://estreetshuffle.com/index.php/wp-json/wp/v2/categories?post=24477"}, {"taxonomy": "post_tag", "embeddable": true, "href": "https://estreetshuffle.com/index.php/wp-json/wp/v2/tags?post=24477"}], "curies": [{"name": "wp", "href": "https://api.w.org/{rel}", "templated": true}]}}]