[{"id": 468, "date": "2018-01-29T08:00:41", "date_gmt": "2018-01-29T16:00:41", "guid": {"rendered": "http://estreetshuffle.com/?p=468"}, "modified": "2024-01-23T20:47:38", "modified_gmt": "2024-01-24T04:47:38", "slug": "where-the-band-was-cape-town-january-29-2014", "status": "publish", "type": "post", "link": "https://estreetshuffle.com/index.php/2018/01/29/where-the-band-was-cape-town-january-29-2014/", "title": {"rendered": "Where the Band Was: Cape Town, January 29, 2014"}, "content": {"rendered": "<p>The last night in Cape Town was a strange mix: on one hand, it was a throwback to the\u00a0Wrecking Ball Tour, opening with &#8220;<a href=\"https://estreetshuffle.com/index.php/2020/12/25/roll-of-the-dice-we-take-care-of-our-own/\">We Take Care of Our Own</a>&#8221; and featuring standards from that tour like &#8220;<a href=\"https://estreetshuffle.com/index.php/2020/11/27/roll-of-the-dice-jack-of-all-trades/\">Jack of All Trades,</a>&#8221; &#8220;<a href=\"https://estreetshuffle.com/index.php/2020/07/16/roll-of-the-dice-shackled-and-drawn/\">Shackled and Drawn</a>&#8221; &#8220;<a href=\"https://estreetshuffle.com/index.php/2022/03/30/roll-of-the-dice-death-to-my-hometown/\">Death to My Hometown</a>,&#8221; and &#8220;<a href=\"https://estreetshuffle.com/index.php/2023/03/20/roll-of-the-dice-rocky-ground/\">Rocky Ground</a>.&#8221; It&#8217;s almost as if Bruce felt bad that he skipped South Africa on that tour and wanted to give the locals a taste of what they missed.</p>\n<p>But it was also a night of premieres (including the first ever performance of &#8220;<a href=\"https://estreetshuffle.com/index.php/2021/02/04/roll-of-the-dice-this-is-your-sword/\">This is Your Sword,</a>&#8221; which Steve was clearly not prepared for), sign requests (including a memorable one for &#8220;<a href=\"https://estreetshuffle.com/index.php/2020/08/08/roll-of-the-dice-tougher-than-the-rest/\">Tougher than the Rest</a>&#8220;), surprises (Tom Morello&#8217;s brother proposed on-stage to his fiancee), and guest-stars (Mos Def joined the band during the encores for a unpredictable-yet-inevitable cover of &#8220;Sun City.&#8221;</p>\n<div class=\"jetpack-video-wrapper\"><iframe loading=\"lazy\" title=\"Bruce Springsteen - 2014-01-29 - Cape Town Bellville Velodrome - This Is Your Sword - World Premiere\" width=\"758\" height=\"426\" src=\"https://www.youtube.com/embed/PQLUN4h3KpA?feature=oembed\" frameborder=\"0\" allow=\"accelerometer; autoplay; clipboard-write; encrypted-media; gyroscope; picture-in-picture; web-share\" referrerpolicy=\"strict-origin-when-cross-origin\" allowfullscreen></iframe></div>\n<div class=\"jetpack-video-wrapper\"><iframe loading=\"lazy\" title=\"Bruce Springsteen - 2014-01-29 - Cape Town Bellville Velodrome - Proposal + Because The Night\" width=\"758\" height=\"426\" src=\"https://www.youtube.com/embed/XQk0U18h4m8?feature=oembed\" frameborder=\"0\" allow=\"accelerometer; autoplay; clipboard-write; encrypted-media; gyroscope; picture-in-picture; web-share\" referrerpolicy=\"strict-origin-when-cross-origin\" allowfullscreen></iframe></div>\n<p>All three Cape Town shows were unusual in that they were a throwback to the old &#8220;first-come, first-in&#8221; pit system, instead of the lottery system that had been in place for a decade by this point. Since I&#8217;d never been to Cape Town before (and didn&#8217;t know if I&#8217;d ever make it back), I decided to spend my days seeing the city instead of waiting in the pit line&#8211;so for the first two shows, I wasn&#8217;t anywhere close to the stage.</p>\n<p>But for this last show, I was determined to be up front, so I spent the day making friends in line and got a prime spot leaning on the stage&#8211;and had a great vantage point for moments like this:</p>\n<div class=\"jetpack-video-wrapper\"><iframe loading=\"lazy\" title=\"Bruce Springsteen - 2014-01-29 - Cape Town Bellville Velodrome - Thunder Road Acoustic\" width=\"758\" height=\"426\" src=\"https://www.youtube.com/embed/J1VYHhK1b6w?feature=oembed\" frameborder=\"0\" allow=\"accelerometer; autoplay; clipboard-write; encrypted-media; gyroscope; picture-in-picture; web-share\" referrerpolicy=\"strict-origin-when-cross-origin\" allowfullscreen></iframe></div>\n<p>While the\u00a0High Hopes Tour would go on to soar to much greater heights than these opening shows, I&#8217;ll always remember these three among my favorites&#8211;from days spent hiking and exploring with fellow fans to standout performances and surprises each night, for me, this was a very special run of shows.</p>\n<p><img data-recalc-dims=\"1\" loading=\"lazy\" decoding=\"async\" data-attachment-id=\"470\" data-permalink=\"https://estreetshuffle.com/index.php/2018/01/29/where-the-band-was-cape-town-january-29-2014/20140129-capetown-centermic-after/#main\" data-orig-file=\"https://i0.wp.com/estreetshuffle.com/wp-content/uploads/2018/01/20140129-CapeTown-Centermic-After.jpg?fit=549%2C366&amp;ssl=1\" data-orig-size=\"549,366\" data-comments-opened=\"1\" data-image-meta=\"{&quot;aperture&quot;:&quot;0&quot;,&quot;credit&quot;:&quot;&quot;,&quot;camera&quot;:&quot;&quot;,&quot;caption&quot;:&quot;&quot;,&quot;created_timestamp&quot;:&quot;0&quot;,&quot;copyright&quot;:&quot;&quot;,&quot;focal_length&quot;:&quot;0&quot;,&quot;iso&quot;:&quot;0&quot;,&quot;shutter_speed&quot;:&quot;0&quot;,&quot;title&quot;:&quot;&quot;,&quot;orientation&quot;:&quot;0&quot;}\" data-image-title=\"20140129-CapeTown-Centermic-After\" data-image-description=\"\" data-image-caption=\"\" data-medium-file=\"https://i0.wp.com/estreetshuffle.com/wp-content/uploads/2018/01/20140129-CapeTown-Centermic-After.jpg?fit=300%2C200&amp;ssl=1\" data-large-file=\"https://i0.wp.com/estreetshuffle.com/wp-content/uploads/2018/01/20140129-CapeTown-Centermic-After.jpg?fit=549%2C366&amp;ssl=1\" class=\" wp-image-470 aligncenter\" src=\"https://i0.wp.com/estreetshuffle.com/wp-content/uploads/2018/01/20140129-CapeTown-Centermic-After-300x200.jpg?resize=625%2C416\" alt=\"\" width=\"625\" height=\"416\" srcset=\"https://i0.wp.com/estreetshuffle.com/wp-content/uploads/2018/01/20140129-CapeTown-Centermic-After.jpg?resize=300%2C200&amp;ssl=1 300w, https://i0.wp.com/estreetshuffle.com/wp-content/uploads/2018/01/20140129-CapeTown-Centermic-After.jpg?w=549&amp;ssl=1 549w\" sizes=\"auto, (max-width: 625px) 100vw, 625px\" /></p>\n", "protected": false}, "excerpt": {"rendered": "<p>A very special final night in Cape Town featured the world premiere of &#8220;This Is Your Word&#8221; and a surprise performance of &#8220;Sun City&#8221; with Mos Def.</p>\n", "protected": false}, "author": 1, "featured_media": 19811, "comment_status": "open", "ping_status": "open", "sticky": false, "template": "", "format": "standard", "meta": {"_monsterinsights_skip_tracking": false, "_monsterinsights_sitenote_active": false, "_monsterinsights_sitenote_note": "", "_monsterinsights_sitenote_category": 0, "jetpack_post_was_ever_published": false, "_jetpack_newsletter_access": "", "_jetpack_dont_email_post_to_subs": false, "_jetpack_newsletter_tier_id": 0, "_jetpack_memberships_contains_paywalled_content": false, "_jetpack_memberships_contains_paid_content": false, "footnotes": "", "jetpack_publicize_message": "", "jetpack_publicize_feature_enabled": true, "jetpack_social_post_already_shared": true, "jetpack_social_options": {"image_generator_settings": {"template": "highway", "default_image_id": 0, "font": "", "enabled": false}, "version": 2}}, "categories": [152], "tags": [142, 408, 180, 171, 181, 214], "class_list": ["post-468", "post", "type-post", "status-publish", "format-standard", "has-post-thumbnail", "hentry", "category-where-the-band-was", "tag-cape-town", "tag-high-hopes-tour", "tag-mos-def", "tag-south-africa", "tag-sun-city", "tag-this-is-your-sword"], "aioseo_notices": [], "jetpack_publicize_connections": [], "jetpack_featured_media_url": "https://i0.wp.com/estreetshuffle.com/wp-content/uploads/2018/01/bs140129_01.jpg?fit=500%2C500&ssl=1", "jetpack_sharing_enabled": true, "jetpack_shortlink": "https://wp.me/p9w3Lk-7y", "jetpack_likes_enabled": true, "jetpack-related-posts": [{"id": 55812, "url": "https://estreetshuffle.com/index.php/2025/01/29/kingdom-of-days-january-29-2/", "url_meta": {"origin": 468, "position": 0}, "title": "January 29", "author": "Ken", "date": "January 29, 2025", "format": false, "excerpt": "On this date: Listen to a great Springsteen concert recording from 1974, watch Bruce's first press conference in 20 years, and more.", "rel": "", "context": "In &quot;Kingdom of Days&quot;", "block_context": {"text": "Kingdom of Days", "link": "https://estreetshuffle.com/index.php/category/kingdom-of-days/"}, "img": {"alt_text": "", "src": "https://i0.wp.com/estreetshuffle.com/wp-content/uploads/2020/01/dc2016.jpg?fit=1200%2C1200&ssl=1&resize=350%2C200", "width": 350, "height": 200, "srcset": "https://i0.wp.com/estreetshuffle.com/wp-content/uploads/2020/01/dc2016.jpg?fit=1200%2C1200&ssl=1&resize=350%2C200 1x, https://i0.wp.com/estreetshuffle.com/wp-content/uploads/2020/01/dc2016.jpg?fit=1200%2C1200&ssl=1&resize=525%2C300 1.5x, https://i0.wp.com/estreetshuffle.com/wp-content/uploads/2020/01/dc2016.jpg?fit=1200%2C1200&ssl=1&resize=700%2C400 2x, https://i0.wp.com/estreetshuffle.com/wp-content/uploads/2020/01/dc2016.jpg?fit=1200%2C1200&ssl=1&resize=1050%2C600 3x"}, "classes": []}, {"id": 335, "url": "https://estreetshuffle.com/index.php/2025/01/31/where-the-band-was-cape-town-january-26-2014/", "url_meta": {"origin": 468, "position": 1}, "title": "Where the Band Was: Cape Town 2014", "author": "Ken", "date": "January 31, 2025", "format": false, "excerpt": "Highlights from Bruce Springsteen's first-ever show in South Africa: January 26, 2014", "rel": "", "context": "In &quot;Where the Band Was&quot;", "block_context": {"text": "Where the Band Was", "link": "https://estreetshuffle.com/index.php/category/where-the-band-was/"}, "img": {"alt_text": "", "src": "https://i0.wp.com/estreetshuffle.com/wp-content/uploads/2018/01/cape-town-01-26-14-cd-oficial-ciudad-del-cabo-sudafrica-26-enero-2014.jpg?fit=1024%2C1024&ssl=1&resize=350%2C200", "width": 350, "height": 200, "srcset": "https://i0.wp.com/estreetshuffle.com/wp-content/uploads/2018/01/cape-town-01-26-14-cd-oficial-ciudad-del-cabo-sudafrica-26-enero-2014.jpg?fit=1024%2C1024&ssl=1&resize=350%2C200 1x, https://i0.wp.com/estreetshuffle.com/wp-content/uploads/2018/01/cape-town-01-26-14-cd-oficial-ciudad-del-cabo-sudafrica-26-enero-2014.jpg?fit=1024%2C1024&ssl=1&resize=525%2C300 1.5x, https://i0.wp.com/estreetshuffle.com/wp-content/uploads/2018/01/cape-town-01-26-14-cd-oficial-ciudad-del-cabo-sudafrica-26-enero-2014.jpg?fit=1024%2C1024&ssl=1&resize=700%2C400 2x"}, "classes": []}, {"id": 455, "url": "https://estreetshuffle.com/index.php/2018/01/28/where-the-band-was-cape-town-january-28-2014/", "url_meta": {"origin": 468, "position": 2}, "title": "Where the Band Was: Cape Town, January 28, 2014", "author": "Ken", "date": "January 28, 2018", "format": false, "excerpt": "A return to the Seeger Sessions tour, or so it seemed at Cape Town Night 2.", "rel": "", "context": "In &quot;Where the Band Was&quot;", "block_context": {"text": "Where the Band Was", "link": "https://estreetshuffle.com/index.php/category/where-the-band-was/"}, "img": {"alt_text": "", "src": "https://i0.wp.com/estreetshuffle.com/wp-content/uploads/2018/01/capetown2-1.jpg?fit=300%2C300&ssl=1&resize=350%2C200", "width": 350, "height": 200}, "classes": []}, {"id": 55809, "url": "https://estreetshuffle.com/index.php/2025/01/26/kingdom-of-days-january-26-2/", "url_meta": {"origin": 468, "position": 3}, "title": "January 26", "author": "Ken", "date": "January 26, 2025", "format": false, "excerpt": "On this date: Tom Morello joins the E Street Band, Bruce plays South Africa for the first time, the United Steelworkers honor Bruce, and much more.", "rel": "", "context": "In &quot;Kingdom of Days&quot;", "block_context": {"text": "Kingdom of Days", "link": "https://estreetshuffle.com/index.php/category/kingdom-of-days/"}, "img": {"alt_text": "", "src": "https://i0.wp.com/estreetshuffle.com/wp-content/uploads/2025/01/72x800-jo-lopez-capetown-_surfs-up.bruce-capetown-jo-lopez-jan-25-20147E1A6843.jpg?fit=1200%2C800&ssl=1&resize=350%2C200", "width": 350, "height": 200, "srcset": "https://i0.wp.com/estreetshuffle.com/wp-content/uploads/2025/01/72x800-jo-lopez-capetown-_surfs-up.bruce-capetown-jo-lopez-jan-25-20147E1A6843.jpg?fit=1200%2C800&ssl=1&resize=350%2C200 1x, https://i0.wp.com/estreetshuffle.com/wp-content/uploads/2025/01/72x800-jo-lopez-capetown-_surfs-up.bruce-capetown-jo-lopez-jan-25-20147E1A6843.jpg?fit=1200%2C800&ssl=1&resize=525%2C300 1.5x, https://i0.wp.com/estreetshuffle.com/wp-content/uploads/2025/01/72x800-jo-lopez-capetown-_surfs-up.bruce-capetown-jo-lopez-jan-25-20147E1A6843.jpg?fit=1200%2C800&ssl=1&resize=700%2C400 2x, https://i0.wp.com/estreetshuffle.com/wp-content/uploads/2025/01/72x800-jo-lopez-capetown-_surfs-up.bruce-capetown-jo-lopez-jan-25-20147E1A6843.jpg?fit=1200%2C800&ssl=1&resize=1050%2C600 3x"}, "classes": []}, {"id": 55793, "url": "https://estreetshuffle.com/index.php/2025/01/24/kingdom-of-days-january-24-2/", "url_meta": {"origin": 468, "position": 4}, "title": "January 24", "author": "Ken", "date": "January 24, 2025", "format": false, "excerpt": "Bruce plays his first ever show in Chicago, preps for his first ever show in South Africa, and records two songs that have still never seen the light of day. These and more highlights inside.", "rel": "", "context": "In &quot;Kingdom of Days&quot;", "block_context": {"text": "Kingdom of Days", "link": "https://estreetshuffle.com/index.php/category/kingdom-of-days/"}, "img": {"alt_text": "", "src": "https://i0.wp.com/estreetshuffle.com/wp-content/uploads/2018/01/rehearsal.jpg?fit=700%2C466&ssl=1&resize=350%2C200", "width": 350, "height": 200, "srcset": "https://i0.wp.com/estreetshuffle.com/wp-content/uploads/2018/01/rehearsal.jpg?fit=700%2C466&ssl=1&resize=350%2C200 1x, https://i0.wp.com/estreetshuffle.com/wp-content/uploads/2018/01/rehearsal.jpg?fit=700%2C466&ssl=1&resize=525%2C300 1.5x, https://i0.wp.com/estreetshuffle.com/wp-content/uploads/2018/01/rehearsal.jpg?fit=700%2C466&ssl=1&resize=700%2C400 2x"}, "classes": []}, {"id": 55811, "url": "https://estreetshuffle.com/index.php/2025/01/28/kingdom-of-days-january-28-2/", "url_meta": {"origin": 468, "position": 5}, "title": "January 28", "author": "Ken", "date": "January 28, 2025", "format": false, "excerpt": "Behind the scenes of \"We Are the World\" and the Tunnel of Love Express Tour, plus much more on this date in Springsteen history.", "rel": "", "context": "In &quot;Kingdom of Days&quot;", "block_context": {"text": "Kingdom of Days", "link": "https://estreetshuffle.com/index.php/category/kingdom-of-days/"}, "img": {"alt_text": "", "src": "https://i0.wp.com/estreetshuffle.com/wp-content/uploads/2018/01/watw.jpg?fit=736%2C646&ssl=1&resize=350%2C200", "width": 350, "height": 200, "srcset": "https://i0.wp.com/estreetshuffle.com/wp-content/uploads/2018/01/watw.jpg?fit=736%2C646&ssl=1&resize=350%2C200 1x, https://i0.wp.com/estreetshuffle.com/wp-content/uploads/2018/01/watw.jpg?fit=736%2C646&ssl=1&resize=525%2C300 1.5x, https://i0.wp.com/estreetshuffle.com/wp-content/uploads/2018/01/watw.jpg?fit=736%2C646&ssl=1&resize=700%2C400 2x"}, "classes": []}], "_links": {"self": [{"href": "https://estreetshuffle.com/index.php/wp-json/wp/v2/posts/468", "targetHints": {"allow": ["GET"]}}], "collection": [{"href": "https://estreetshuffle.com/index.php/wp-json/wp/v2/posts"}], "about": [{"href": "https://estreetshuffle.com/index.php/wp-json/wp/v2/types/post"}], "author": [{"embeddable": true, "href": "https://estreetshuffle.com/index.php/wp-json/wp/v2/users/1"}], "replies": [{"embeddable": true, "href": "https://estreetshuffle.com/index.php/wp-json/wp/v2/comments?post=468"}], "version-history": [{"count": 6, "href": "https://estreetshuffle.com/index.php/wp-json/wp/v2/posts/468/revisions"}], "predecessor-version": [{"id": 48135, "href": "https://estreetshuffle.com/index.php/wp-json/wp/v2/posts/468/revisions/48135"}], "wp:featuredmedia": [{"embeddable": true, "href": "https://estreetshuffle.com/index.php/wp-json/wp/v2/media/19811"}], "wp:attachment": [{"href": "https://estreetshuffle.com/index.php/wp-json/wp/v2/media?parent=468"}], "wp:term": [{"taxonomy": "category", "embeddable": true, "href": "https://estreetshuffle.com/index.php/wp-json/wp/v2/categories?post=468"}, {"taxonomy": "post_tag", "embeddable": true, "href": "https://estreetshuffle.com/index.php/wp-json/wp/v2/tags?post=468"}], "curies": [{"name": "wp", "href": "https://api.w.org/{rel}", "templated": true}]}}, {"id": 455, "date": "2018-01-28T08:45:28", "date_gmt": "2018-01-28T16:45:28", "guid": {"rendered": "http://estreetshuffle.com/?p=455"}, "modified": "2024-01-23T20:46:10", "modified_gmt": "2024-01-24T04:46:10", "slug": "where-the-band-was-cape-town-january-28-2014", "status": "publish", "type": "post", "link": "https://estreetshuffle.com/index.php/2018/01/28/where-the-band-was-cape-town-january-28-2014/", "title": {"rendered": "Where the Band Was: Cape Town, January 28, 2014"}, "content": {"rendered": "<p>I knew I was in for an unpredictable, unforgettable experience when I made the trip from Seattle to Cape Town for Bruce&#8217;s three-show stand (his first shows in South Africa) in 2014.</p>\n<p>I expected setlist surprises, guest-stars and memorable audience moments (and we got all of them). What I didn&#8217;t expect was to get a taste of three different tours on three separate nights.</p>\n<p>Night 1 was the High Hopes Tour (although I had no idea at the time what that would look like, given that this was the opening stand of the tour). Night 3 was a Wrecking Ball show. But the middle show felt at times like a throwback to 2006 and the Seeger Session tour.</p>\n<p>There was a reason for that: Pete Seeger died during the down day between Night 1 and Night 2, and Seeger had a huge influence on Bruce. Going into the show that night, I expected a tribute song at some point.</p>\n<p>Sure enough, leading off the encore was &#8220;<a href=\"http://estreetshuffle.com/index.php/2018/08/15/roll-of-the-dice-cover-me-we-shall-overcome/\">We Shall Overcome</a>,&#8221; dedicated to Seeger and to Nelson Mandela, sung in unison by the entire audience, and resonating more in South Africa than it ever did on the Seeger Sessions tour. Those minutes existed out of time and remain one of my most memorable experiences at a Springsteen show.</p>\n<div class=\"jetpack-video-wrapper\"><iframe loading=\"lazy\" title=\"Bruce Springsteen - We Shall Overcome - Cape Town - Bellville - 2014-01-26\" width=\"758\" height=\"426\" src=\"https://www.youtube.com/embed/PE2lhLHeDBw?feature=oembed\" frameborder=\"0\" allow=\"accelerometer; autoplay; clipboard-write; encrypted-media; gyroscope; picture-in-picture; web-share\" referrerpolicy=\"strict-origin-when-cross-origin\" allowfullscreen></iframe></div>\n<p>But Bruce must have had Pete Seeger on his mind the whole night, because interspersed throughout the set were two other Seeger tour staples not seen since 2006: the swing arrangement of &#8220;<a href=\"https://estreetshuffle.com/index.php/2020/10/28/roll-of-the-dice-open-all-night/\">Open All Night</a>,&#8221; and &#8220;<a href=\"https://estreetshuffle.com/index.php/2020/06/29/cover-me-this-little-light-of-mine/\">This Little Light of Mine</a>.&#8221;</p>\n<div class=\"jetpack-video-wrapper\"><iframe loading=\"lazy\" title=\"BRUCE SPRINGSTEEN - CAPETOWN 28.01.2014 - OPEN ALL NIGHT\" width=\"758\" height=\"426\" src=\"https://www.youtube.com/embed/HknI8UFAdbE?feature=oembed\" frameborder=\"0\" allow=\"accelerometer; autoplay; clipboard-write; encrypted-media; gyroscope; picture-in-picture; web-share\" referrerpolicy=\"strict-origin-when-cross-origin\" allowfullscreen></iframe></div>\n<div class=\"jetpack-video-wrapper\"><iframe loading=\"lazy\" title=\"Bruce Springsteen - This Little Light of Mine (Clip) (Live) - 2014-01-28 Cape Town, South Africa\" width=\"758\" height=\"569\" src=\"https://www.youtube.com/embed/XzIORoSqaQo?feature=oembed\" frameborder=\"0\" allow=\"accelerometer; autoplay; clipboard-write; encrypted-media; gyroscope; picture-in-picture; web-share\" referrerpolicy=\"strict-origin-when-cross-origin\" allowfullscreen></iframe></div>\n<p>Bruce was also much looser at this show than at the opener. On Night 1, there were no requests, and the audience interactions were awkward (it was, after all, the first show for most in the audience). By Night 2, the audience was figuring out their participation parts, and Bruce spotted and granted a few requests signs. Night 3 would prove to be full of spontaneity.</p>\n<p>More on that tomorrow.</p>\n", "protected": false}, "excerpt": {"rendered": "<p>A return to the Seeger Sessions tour, or so it seemed at Cape Town Night 2.</p>\n", "protected": false}, "author": 1, "featured_media": 457, "comment_status": "open", "ping_status": "open", "sticky": false, "template": "", "format": "standard", "meta": {"_monsterinsights_skip_tracking": false, "_monsterinsights_sitenote_active": false, "_monsterinsights_sitenote_note": "", "_monsterinsights_sitenote_category": 0, "jetpack_post_was_ever_published": false, "_jetpack_newsletter_access": "", "_jetpack_dont_email_post_to_subs": false, "_jetpack_newsletter_tier_id": 0, "_jetpack_memberships_contains_paywalled_content": false, "_jetpack_memberships_contains_paid_content": false, "footnotes": "", "jetpack_publicize_message": "", "jetpack_publicize_feature_enabled": true, "jetpack_social_post_already_shared": true, "jetpack_social_options": {"image_generator_settings": {"template": "highway", "default_image_id": 0, "font": "", "enabled": false}, "version": 2}}, "categories": [152], "tags": [142, 408, 1438, 172, 171, 1561, 119], "class_list": ["post-455", "post", "type-post", "status-publish", "format-standard", "has-post-thumbnail", "hentry", "category-where-the-band-was", "tag-cape-town", "tag-high-hopes-tour", "tag-open-all-night", "tag-pete-seeger", "tag-south-africa", "tag-this-little-light-of-mine", "tag-we-shall-overcome"], "aioseo_notices": [], "jetpack_publicize_connections": [], "jetpack_featured_media_url": "https://i0.wp.com/estreetshuffle.com/wp-content/uploads/2018/01/capetown2-1.jpg?fit=300%2C300&ssl=1", "jetpack_sharing_enabled": true, "jetpack_shortlink": "https://wp.me/p9w3Lk-7l", "jetpack_likes_enabled": true, "jetpack-related-posts": [{"id": 335, "url": "https://estreetshuffle.com/index.php/2025/01/31/where-the-band-was-cape-town-january-26-2014/", "url_meta": {"origin": 455, "position": 0}, "title": "Where the Band Was: Cape Town 2014", "author": "Ken", "date": "January 31, 2025", "format": false, "excerpt": "Highlights from Bruce Springsteen's first-ever show in South Africa: January 26, 2014", "rel": "", "context": "In &quot;Where the Band Was&quot;", "block_context": {"text": "Where the Band Was", "link": "https://estreetshuffle.com/index.php/category/where-the-band-was/"}, "img": {"alt_text": "", "src": "https://i0.wp.com/estreetshuffle.com/wp-content/uploads/2018/01/cape-town-01-26-14-cd-oficial-ciudad-del-cabo-sudafrica-26-enero-2014.jpg?fit=1024%2C1024&ssl=1&resize=350%2C200", "width": 350, "height": 200, "srcset": "https://i0.wp.com/estreetshuffle.com/wp-content/uploads/2018/01/cape-town-01-26-14-cd-oficial-ciudad-del-cabo-sudafrica-26-enero-2014.jpg?fit=1024%2C1024&ssl=1&resize=350%2C200 1x, https://i0.wp.com/estreetshuffle.com/wp-content/uploads/2018/01/cape-town-01-26-14-cd-oficial-ciudad-del-cabo-sudafrica-26-enero-2014.jpg?fit=1024%2C1024&ssl=1&resize=525%2C300 1.5x, https://i0.wp.com/estreetshuffle.com/wp-content/uploads/2018/01/cape-town-01-26-14-cd-oficial-ciudad-del-cabo-sudafrica-26-enero-2014.jpg?fit=1024%2C1024&ssl=1&resize=700%2C400 2x"}, "classes": []}, {"id": 55811, "url": "https://estreetshuffle.com/index.php/2025/01/28/kingdom-of-days-january-28-2/", "url_meta": {"origin": 455, "position": 1}, "title": "January 28", "author": "Ken", "date": "January 28, 2025", "format": false, "excerpt": "Behind the scenes of \"We Are the World\" and the Tunnel of Love Express Tour, plus much more on this date in Springsteen history.", "rel": "", "context": "In &quot;Kingdom of Days&quot;", "block_context": {"text": "Kingdom of Days", "link": "https://estreetshuffle.com/index.php/category/kingdom-of-days/"}, "img": {"alt_text": "", "src": "https://i0.wp.com/estreetshuffle.com/wp-content/uploads/2018/01/watw.jpg?fit=736%2C646&ssl=1&resize=350%2C200", "width": 350, "height": 200, "srcset": "https://i0.wp.com/estreetshuffle.com/wp-content/uploads/2018/01/watw.jpg?fit=736%2C646&ssl=1&resize=350%2C200 1x, https://i0.wp.com/estreetshuffle.com/wp-content/uploads/2018/01/watw.jpg?fit=736%2C646&ssl=1&resize=525%2C300 1.5x, https://i0.wp.com/estreetshuffle.com/wp-content/uploads/2018/01/watw.jpg?fit=736%2C646&ssl=1&resize=700%2C400 2x"}, "classes": []}, {"id": 19058, "url": "https://estreetshuffle.com/index.php/1976/01/31/cover-me-this-little-light-of-mine/", "url_meta": {"origin": 455, "position": 2}, "title": "This Little Light of Mine", "author": "Ken", "date": "January 31, 1976", "format": false, "excerpt": "Always at the ready whenever defiance, solidarity, and resoluteness are called for, \"This Little Light of Mine\" proved a perfect penultimate song for the Sessions Tour.", "rel": "", "context": "In &quot;Cover Me&quot;", "block_context": {"text": "Cover Me", "link": "https://estreetshuffle.com/index.php/category/cover-me/"}, "img": {"alt_text": "", "src": "https://i0.wp.com/estreetshuffle.com/wp-content/uploads/1976/01/Gemini_Generated_Image_uvx3q5uvx3q5uvx3.png?fit=1024%2C1024&ssl=1&resize=350%2C200", "width": 350, "height": 200, "srcset": "https://i0.wp.com/estreetshuffle.com/wp-content/uploads/1976/01/Gemini_Generated_Image_uvx3q5uvx3q5uvx3.png?fit=1024%2C1024&ssl=1&resize=350%2C200 1x, https://i0.wp.com/estreetshuffle.com/wp-content/uploads/1976/01/Gemini_Generated_Image_uvx3q5uvx3q5uvx3.png?fit=1024%2C1024&ssl=1&resize=525%2C300 1.5x, https://i0.wp.com/estreetshuffle.com/wp-content/uploads/1976/01/Gemini_Generated_Image_uvx3q5uvx3q5uvx3.png?fit=1024%2C1024&ssl=1&resize=700%2C400 2x"}, "classes": []}, {"id": 3565, "url": "https://estreetshuffle.com/index.php/2018/08/15/roll-of-the-dice-cover-me-we-shall-overcome/", "url_meta": {"origin": 455, "position": 3}, "title": "Roll of the Dice/Cover Me: We Shall Overcome", "author": "Ken", "date": "August 15, 2018", "format": false, "excerpt": "Bruce's 1998 cover of \"We Shall Overcome\" helps keep this most potent of protest songs alive and fresh for a new generation.", "rel": "", "context": "In &quot;Cover Me&quot;", "block_context": {"text": "Cover Me", "link": "https://estreetshuffle.com/index.php/category/cover-me/"}, "img": {"alt_text": "", "src": "https://i0.wp.com/estreetshuffle.com/wp-content/uploads/2018/08/overcome-e1534220474898.jpeg?fit=600%2C457&ssl=1&resize=350%2C200", "width": 350, "height": 200, "srcset": "https://i0.wp.com/estreetshuffle.com/wp-content/uploads/2018/08/overcome-e1534220474898.jpeg?fit=600%2C457&ssl=1&resize=350%2C200 1x, https://i0.wp.com/estreetshuffle.com/wp-content/uploads/2018/08/overcome-e1534220474898.jpeg?fit=600%2C457&ssl=1&resize=525%2C300 1.5x"}, "classes": []}, {"id": 468, "url": "https://estreetshuffle.com/index.php/2018/01/29/where-the-band-was-cape-town-january-29-2014/", "url_meta": {"origin": 455, "position": 4}, "title": "Where the Band Was: Cape Town, January 29, 2014", "author": "Ken", "date": "January 29, 2018", "format": false, "excerpt": "A very special final night in Cape Town featured the world premiere of \"This Is Your Word\" and a surprise performance of \"Sun City\" with Mos Def.", "rel": "", "context": "In &quot;Where the Band Was&quot;", "block_context": {"text": "Where the Band Was", "link": "https://estreetshuffle.com/index.php/category/where-the-band-was/"}, "img": {"alt_text": "", "src": "https://i0.wp.com/estreetshuffle.com/wp-content/uploads/2018/01/bs140129_01.jpg?fit=500%2C500&ssl=1&resize=350%2C200", "width": 350, "height": 200}, "classes": []}, {"id": 61268, "url": "https://estreetshuffle.com/index.php/2025/11/02/kingdom-of-days-november-2-2/", "url_meta": {"origin": 455, "position": 5}, "title": "Kingdom of Days: November 2", "author": "Ken", "date": "November 2, 2025", "format": false, "excerpt": "On this date: \"Working on a Dream\" makes its debut, Bruce headlines a Hurricane Sandy telethon, and the first of several Seeger Sessions. More highlights inside.", "rel": "", "context": "In &quot;Kingdom of Days&quot;", "block_context": {"text": "Kingdom of Days", "link": "https://estreetshuffle.com/index.php/category/kingdom-of-days/"}, "img": {"alt_text": "", "src": "https://i0.wp.com/estreetshuffle.com/wp-content/uploads/2019/10/20121102_2_front.jpg?fit=1200%2C1198&ssl=1&resize=350%2C200", "width": 350, "height": 200, "srcset": "https://i0.wp.com/estreetshuffle.com/wp-content/uploads/2019/10/20121102_2_front.jpg?fit=1200%2C1198&ssl=1&resize=350%2C200 1x, https://i0.wp.com/estreetshuffle.com/wp-content/uploads/2019/10/20121102_2_front.jpg?fit=1200%2C1198&ssl=1&resize=525%2C300 1.5x, https://i0.wp.com/estreetshuffle.com/wp-content/uploads/2019/10/20121102_2_front.jpg?fit=1200%2C1198&ssl=1&resize=700%2C400 2x, https://i0.wp.com/estreetshuffle.com/wp-content/uploads/2019/10/20121102_2_front.jpg?fit=1200%2C1198&ssl=1&resize=1050%2C600 3x"}, "classes": []}], "_links": {"self": [{"href": "https://estreetshuffle.com/index.php/wp-json/wp/v2/posts/455", "targetHints": {"allow": ["GET"]}}], "collection": [{"href": "https://estreetshuffle.com/index.php/wp-json/wp/v2/posts"}], "about": [{"href": "https://estreetshuffle.com/index.php/wp-json/wp/v2/types/post"}], "author": [{"embeddable": true, "href": "https://estreetshuffle.com/index.php/wp-json/wp/v2/users/1"}], "replies": [{"embeddable": true, "href": "https://estreetshuffle.com/index.php/wp-json/wp/v2/comments?post=455"}], "version-history": [{"count": 8, "href": "https://estreetshuffle.com/index.php/wp-json/wp/v2/posts/455/revisions"}], "predecessor-version": [{"id": 48134, "href": "https://estreetshuffle.com/index.php/wp-json/wp/v2/posts/455/revisions/48134"}], "wp:featuredmedia": [{"embeddable": true, "href": "https://estreetshuffle.com/index.php/wp-json/wp/v2/media/457"}], "wp:attachment": [{"href": "https://estreetshuffle.com/index.php/wp-json/wp/v2/media?parent=455"}], "wp:term": [{"taxonomy": "category", "embeddable": true, "href": "https://estreetshuffle.com/index.php/wp-json/wp/v2/categories?post=455"}, {"taxonomy": "post_tag", "embeddable": true, "href": "https://estreetshuffle.com/index.php/wp-json/wp/v2/tags?post=455"}], "curies": [{"name": "wp", "href": "https://api.w.org/{rel}", "templated": true}]}}]