[{"id": 31270, "date": "2021-12-06T05:00:00", "date_gmt": "2021-12-06T13:00:00", "guid": {"rendered": "https://estreetshuffle.com/?p=31270"}, "modified": "2021-12-06T08:11:34", "modified_gmt": "2021-12-06T16:11:34", "slug": "two-faces-cynthia", "status": "publish", "type": "post", "link": "https://estreetshuffle.com/index.php/2021/12/06/two-faces-cynthia/", "title": {"rendered": "Two Faces: Cynthia"}, "content": {"rendered": "<p><span style=\"font-size: 12pt;\"><strong><em><div class=\"su-box su-box-style-default\" id=\"\" style=\"border-color:#000000;border-radius:3px;\"><div class=\"su-box-title\" style=\"background-color:#333333;color:#FFFFFF;border-top-left-radius:1px;border-top-right-radius:1px\">Editor's Note</div><div class=\"su-box-content su-u-clearfix su-u-trim\" style=\"border-bottom-left-radius:1px;border-bottom-right-radius:1px\">\n</em></strong></span><span style=\"font-size: 16px;\"><i>Katy Crane returns today with her third <strong>Two Faces</strong> entry. This one&#8217;s a little bit different, though, and I&#8217;ll let Katy explain why.\u00a0</i></span></p>\n<p><span style=\"font-size: 12pt;\"><strong>Author\u2019s note:\u00a0</strong>This is going to be an unusual post: one where Ken and I agree completely about what\u2019s happening in the song. Usually, I write counterpoints to Ken\u2019s posts, which means I write about songs where Ken and I have radically different takes: about the tone of the song, what\u2019s happening in it, whether it\u2019s good or not. The problem&#8211;and this is a funny problem to have&#8211;is that Ken and I agree a lot. And that doesn\u2019t leave me many songs to write about.\u00a0</span></p>\n<p><span style=\"font-size: 12pt;\">Ken has already made my central point about \u201cCynthia:\u201d that it\u2019s a more enlightened version of Roy Orbison\u2019s \u201cOh, Pretty Woman.\u201d But I think there\u2019s more to be said about just how Springsteen accomplishes this. So this will be a companion post rather than a counterpoint, a close reading to sit alongside Ken\u2019s more comprehensive overview.</span></p>\n</div></div>\n<p>There\u2019s a video of a <em>Late Show</em> interview from 2016, in which Stephen Colbert challenges Bruce Springsteen to name his top 5 Bruce songs. Springsteen gets through the first four pretty easily &#8211;\u201cBorn to Run,\u201d \u201c<a href=\"https://estreetshuffle.com/index.php/2020/11/21/roll-of-the-dice-the-rising/\">The Rising</a>,\u201d \u201cThunder Road,\u201d and \u201c<a href=\"https://estreetshuffle.com/index.php/2018/04/16/roll-of-the-dice-nebraska/\">Nebraska</a>\u201d&#8211;and then stalls out. The audience tries to help as Bruce dramatically ponders his choices. Then a woman\u2019s voice rises above the rest, shouting loud enough to get Bruce\u2019s attention. \u201cCynthia! CYNTHIAAA!\u201d</p>\n<p>Bruce, unsurprisingly, goes with \u201c<a href=\"https://estreetshuffle.com/index.php/2021/10/03/roll-of-the-dice-racing-in-the-street/\">Racing in the Street</a>\u201d instead.</p>\n<div class=\"jetpack-video-wrapper\"><iframe loading=\"lazy\" title=\"Bruce Springsteen Picks His Top 5 Favorite Springsteen Songs\" width=\"758\" height=\"426\" src=\"https://www.youtube.com/embed/W8CsEqYCg68?start=8&#038;feature=oembed\" frameborder=\"0\" allow=\"accelerometer; autoplay; clipboard-write; encrypted-media; gyroscope; picture-in-picture; web-share\" referrerpolicy=\"strict-origin-when-cross-origin\" allowfullscreen></iframe></div>\n<p>But my heart goes out to that mystery fan, using her moment in the Colbert audience to stand up and testify for \u201cCynthia.\u201d And I think I understand why this obscure outtake from the <em>Born in the U.S.A.</em> era might inspire such devotion, why someone might believe that Bruce&#8211;who didn\u2019t put it on an album at all until <em>Tracks&#8211;</em>should nonetheless rank it among his favorite songs.</p>\n<div class=\"jetpack-video-wrapper\"><iframe loading=\"lazy\" title=\"Cynthia (Studio Outtake - 1983)\" width=\"758\" height=\"569\" src=\"https://www.youtube.com/embed/wzCpphwK8vk?feature=oembed\" frameborder=\"0\" allow=\"accelerometer; autoplay; clipboard-write; encrypted-media; gyroscope; picture-in-picture; web-share\" referrerpolicy=\"strict-origin-when-cross-origin\" allowfullscreen></iframe></div>\n<p>And that\u2019s because \u201cCynthia,\u201d a goofy outtake that skirts the boundary between Roy Orbison pastiche and outright Roy Orbison parody, is also one of Springsteen\u2019s most explicitly feminist songs. Ken, who notes the Orbison influence in <a href=\"https://estreetshuffle.com/index.php/2019/09/06/roll-of-the-dice-cynthia/\">his original <em>Roll of the Dice</em> entry</a>, writes that \u201cCynthia\u201d is \u201ca deeper, more mature (albeit marginally) song than \u2018<a href=\"https://estreetshuffle.com/index.php/2019/08/25/matr-roy-orbison-and-bruce-springsteen-oh-pretty-woman/\">Oh, Pretty Woman</a>.\u2019\u201d I would go further. I think \u201cCynthia\u201d is a deliberate point-by-point feminist re-write of \u201cOh, Pretty Woman,\u201d in which Bruce takes everything that\u2019s wrong (from a feminist standpoint) with the original song, and <em>fixes it</em>. (A bit like Kelly Clarkson and John Legend rewriting \u201cBaby it\u2019s Cold Outside,\u201d but more tongue-in-cheek, and also better.)</p>\n<p>Let\u2019s start by taking a look at the lyrics of \u201cOh Pretty Woman,\u201d the most famous song ever written about catcalling women on the street.</p>\n<div class=\"jetpack-video-wrapper\"><iframe loading=\"lazy\" title=\"Oh, Pretty Woman\" width=\"758\" height=\"569\" src=\"https://www.youtube.com/embed/3KFvoDDs0XM?feature=oembed\" frameborder=\"0\" allow=\"accelerometer; autoplay; clipboard-write; encrypted-media; gyroscope; picture-in-picture; web-share\" referrerpolicy=\"strict-origin-when-cross-origin\" allowfullscreen></iframe></div>\n<p style=\"padding-left: 40px;\"><em>Pretty woman won&#8217;t you pardon me<br />\n</em><em>Pretty woman I couldn&#8217;t help but see<br />\n</em><em>Pretty woman that you look lovely as can be<br />\n</em><em>Are you lonely just like me</em></p>\n<p style=\"padding-left: 40px;\"><em>Pretty woman stop awhile<br />\n</em><em>Pretty woman talk awhile<br />\n</em><em>Pretty woman give your smile to me</em></p>\n<p>Orbison\u2019s singer doesn\u2019t just reduce his subject to her looks, he does it again and again, sometimes twice in the same line. \u201cPretty woman&#8230;you look lovely as can be.\u201d <em>Hey, pretty woman, you\u2019re pretty! </em>Nice one, Roy. Real smooth.</p>\n<p>He wonders if she\u2019s lonely. Why would she be? He makes demands on her time, asks her to stop and talk. <em>He</em> <em>tells her to smile. </em>And then he tries to guilt-trip her into spending the night with him.</p>\n<p style=\"padding-left: 40px;\"><em>Pretty woman don&#8217;t walk on by<br />\n</em><em>Pretty woman don&#8217;t make me cry<br />\n</em><em>Pretty woman don&#8217;t walk away, hey</em></p>\n<p>And it works! Realizing what a terrible thing it would be to make Roy Orbison sad, the pretty woman turns around and presumably goes home with him. Happy ending!</p>\n<p>So given that the original song is basically a list of sexist tropes loosely stapled together, does it seem improbable that anyone could create a feminist, or at any rate a not horrifically sexist, version of \u201cOh Pretty Woman?\u201d Well, hold onto your cool and stylish hats, because Bruce Springsteen is about to show us the most respectful way to holler at a woman on the street.</p>\n<p style=\"padding-left: 40px;\"><em>Cynthia, when you come walking by you&#8217;re an inspiring sight.</em></p>\n<p>Bruce is off to a good start here; the woman he\u2019s talking to has a name! Where Orbison lets us know from the start that his subject is pretty, but doesn\u2019t bother to name her, Springsteen does the opposite. He calls Cynthia by name, and instead of commenting on her looks, he tells her she\u2019s inspiring. It\u2019s a goofy and charming word choice, a compliment so consciously respectful it tips over into absurdity.</p>\n<p style=\"padding-left: 40px;\"><em>Cynthia, you don&#8217;t smile or say hi, but baby that&#8217;s all right</em></p>\n<p>You can almost see Springsteen going through Orbison\u2019s song line by line, ticking things off. He\u2019s <em>not</em> going to tell Cynthia to smile. He\u2019s <em>not </em>going to tell her to talk to him. In fact, he doesn\u2019t expect anything from her.</p>\n<p style=\"padding-left: 40px;\"><em>&#8216;Cause I don&#8217;t need to hold you or taste your kiss<br />\n</em><em>I just like knowing, Cynthia, you exist, doll, in a world like this</em></p>\n<p>Here, the song makes a quick swerve into one of the major preoccupations of the <em>Born in the U.S.A.</em> era: the general awfulness of the world. This is, of course, the time period of Springsteen\u2019s first major depression, and even in a joke song like \u201cCynthia\u201d there\u2019s an assumption (played here mostly for laughs) that being depressed is just the standard way to be. Here, everyone in the song seems to be depressed except for Cynthia; the singer works on a construction site populated by men who are all equally bummed out and in need of inspiration.</p>\n<p style=\"padding-left: 40px;\"><em>Well you give us a reason to stop just for a while<br />\n</em><em>To stop, stand, baby, and salute your style</em></p>\n<p><em>Salute your style. </em>Notice that we still don\u2019t know what Cynthia looks like. The emphasis is entirely on her style, her attitude, her general vibe.</p>\n<p>Springsteen makes it clear that unlike Roy Orbison, his character is not going to be laying a guilt trip on Cynthia.</p>\n<p style=\"padding-left: 40px;\"><em>Well now you ain&#8217;t the finest thing I&#8217;ll never have<br />\n</em><em>And when you go the hurt you leave baby it ain&#8217;t so bad</em></p>\n<p>She cheers him up, sure. But that doesn\u2019t mean she needs to worry about making him unhappy when she leaves; he\u2019s a rational adult; he can handle it. He\u2019s still a little worried, though, that he and his buddies might be overstepping, that it might bother Cynthia to know she\u2019s being talked about. So he asks her.</p>\n<p style=\"padding-left: 40px;\"><em>There ain&#8217;t a man in this whole town who&#8217;d say you ain&#8217;t fine<br />\n</em><em>You hear them guys talking, tell me, baby, do you mind?</em></p>\n<p>Once again he implicitly apologizes, reminding her that she\u2019s a bright spot in a miserable world, that by ogling her on the street he\u2019s just trying to alleviate his own depression. That he feels the need to justify himself at all sets him aside from Orbison\u2019s singer, who feels fully entitled to approach any woman as long as she\u2019s pretty. Springsteen\u2019s character is still going to talk to Cynthia, or at least talk about her, but he needs her to know he has a good reason for it.</p>\n<p style=\"padding-left: 40px;\"><em>Well you make us happy, honey, when we feel sad<br />\n</em><em>To see something so good in a world gone bad</em></p>\n<p>As proof, he gives us a quick snippet of dialogue, two guys reassuring each other: <em>\u201cThere\u2019s still Cynthia.\u201d \u201cOh yeah.\u201d </em></p>\n<p>In case we\u2019re worried that these emotionally needy men might start stalking Cynthia, he lets us know she\u2019s still safely a mystery; they don\u2019t know anything about her beyond her name.</p>\n<p style=\"padding-left: 40px;\"><em>Cynthia, no one knows your number, no one knows where you live<br />\n</em><em>Cynthia, I wonder do you understand this strange thing you give<br />\n</em><em>Yeah well baby is it your style, the mystery in your smile<br />\n</em><em>Or just how cool you walk, in a world gone wild?</em></p>\n<p>Let\u2019s catalogue the words we\u2019ve heard applied to Cynthia, shall we? She\u2019s inspiring, she walks cool, she has style. We\u2019re now most of the way through the song, a song that\u2019s entirely devoted to admiring Cynthia, and Springsteen has not once called her pretty. \u201cFine\u201d is the closest we\u2019ve gotten.</p>\n<p>Springsteen ends with a specific callback to Orbison\u2019s first verse. \u201cPretty woman, I don&#8217;t believe you,\u201d Orbison sang, \u201cyou&#8217;re not the truth.\u201d Springsteen sings, \u201cI gotta be pretty na\u00efve to believe in you,\u201d but here it comes across not as flattering or insulting but just as realism: he\u2019s acknowledging that he doesn\u2019t know Cynthia, and that any hopes or beliefs he\u2019s built around her are just in his mind. And that\u2019s okay, because as he assures her one last time, he doesn\u2019t expect anything from her. He\u2019s going to let her keep walking now, and unlike Orbison\u2019s pretty woman, she\u2019s not going to turn around.</p>\n<p style=\"padding-left: 40px;\"><em>Yeah now baby, now this ain&#8217;t no come-on<br />\n</em><em>Now walk on, Cynthia, walk on</em></p>\n<p>As she walks away, Bruce finally lets loose with some hoots and hollers.</p>\n<p style=\"padding-left: 40px;\"><em>You make me holler, yeah, yeah, all right<br />\n</em><em>I said yeah, yeah, all right<br />\n</em><em>Well she&#8217;s a yeah, yeah, all right</em></p>\n<p>I\u2019m torn as to how to take this ending. Pure, joyful, goofy celebration, Springsteen having fun at the end of an essentially silly song? Or are these whoops what Cynthia actually hears as she\u2019s walking past the construction site, unaware of all the high-minded, idealistic thoughts that lie behind them?</p>\n<p>Either way, this song is essentially sketch comedy, not to be taken too seriously. It\u2019s like an SNL skit on respectful catcalling. But for such a light song, it manages a neat balancing act: it\u2019s both a loving homage to Roy Orbison and a hilarious, welcome gift to every woman who\u2019s ever cringed at the lyrics of \u201cOh, Pretty Woman.\u201d</p>\n<p>So if some of us, at odd moments, are moved to holler \u201cCynthia!\u201d at Bruce &#8211; well, what can we say? It makes us happy when we feel sad, to know that in a world like this there\u2019s still \u201cCynthia.\u201d</p>\n<p>&nbsp;</p>\n", "protected": false}, "excerpt": {"rendered": "<p>Katy Crane explains why &#8220;Cynthia&#8221; is a feminist rewrite of Roy Orbison&#8217;s &#8220;Oh, Pretty Woman.&#8221;</p>\n", "protected": false}, "author": 1, "featured_media": 12862, "comment_status": "open", "ping_status": "open", "sticky": false, "template": "", "format": "standard", "meta": {"_monsterinsights_skip_tracking": false, "_monsterinsights_sitenote_active": false, "_monsterinsights_sitenote_note": "", "_monsterinsights_sitenote_category": 0, "jetpack_post_was_ever_published": false, "_jetpack_newsletter_access": "", "_jetpack_dont_email_post_to_subs": false, "_jetpack_newsletter_tier_id": 0, "_jetpack_memberships_contains_paywalled_content": false, "_jetpack_memberships_contains_paid_content": false, "footnotes": "", "jetpack_publicize_message": "", "jetpack_publicize_feature_enabled": true, "jetpack_social_post_already_shared": true, "jetpack_social_options": {"image_generator_settings": {"template": "highway", "default_image_id": 0, "font": "", "enabled": false}, "version": 2}}, "categories": [3326], "tags": [1505, 3353, 108, 383], "class_list": ["post-31270", "post", "type-post", "status-publish", "format-standard", "has-post-thumbnail", "hentry", "category-two-faces", "tag-cynthia", "tag-katy-crane", "tag-oh-pretty-woman", "tag-roy-orbison"], "aioseo_notices": [], "jetpack_publicize_connections": [], "jetpack_featured_media_url": "https://i0.wp.com/estreetshuffle.com/wp-content/uploads/2019/09/womanwalking2.gif?fit=500%2C500&ssl=1", "jetpack_sharing_enabled": true, "jetpack_shortlink": "https://wp.me/p9w3Lk-88m", "jetpack_likes_enabled": true, "jetpack-related-posts": [{"id": 12105, "url": "https://estreetshuffle.com/index.php/2019/09/06/roll-of-the-dice-cynthia/", "url_meta": {"origin": 31270, "position": 0}, "title": "Roll of the Dice: Cynthia", "author": "Ken", "date": "September 6, 2019", "format": false, "excerpt": "Bruce re-wrote Roy Orbison's classic \"Oh, Pretty Woman,\" giving the title character a name and a more realistic ending. Insights and rare performances inside.", "rel": "", "context": "In &quot;Roll of the Dice&quot;", "block_context": {"text": "Roll of the Dice", "link": "https://estreetshuffle.com/index.php/category/roll-of-the-dice/"}, "img": {"alt_text": "", "src": "https://i0.wp.com/estreetshuffle.com/wp-content/uploads/2019/09/womanwalking2.gif?fit=500%2C500&ssl=1&resize=350%2C200", "width": 350, "height": 200}, "classes": []}, {"id": 30616, "url": "https://estreetshuffle.com/index.php/2021/11/04/two-faces-western-stars/", "url_meta": {"origin": 31270, "position": 1}, "title": "Two Faces: Western Stars", "author": "Ken", "date": "November 4, 2021", "format": false, "excerpt": "Introducing guest-blogger Katy Crane in her first of hopefully many appearances. Today she offers a counter-take to my interpretation of \"Western Stars.\"", "rel": "", "context": "In &quot;Two Faces&quot;", "block_context": {"text": "Two Faces", "link": "https://estreetshuffle.com/index.php/category/two-faces/"}, "img": {"alt_text": "", "src": "https://i0.wp.com/estreetshuffle.com/wp-content/uploads/2021/11/f23405-20190425-bruce-springsteen-western-stars.jpg?fit=1200%2C1200&ssl=1&resize=350%2C200", "width": 350, "height": 200, "srcset": "https://i0.wp.com/estreetshuffle.com/wp-content/uploads/2021/11/f23405-20190425-bruce-springsteen-western-stars.jpg?fit=1200%2C1200&ssl=1&resize=350%2C200 1x, https://i0.wp.com/estreetshuffle.com/wp-content/uploads/2021/11/f23405-20190425-bruce-springsteen-western-stars.jpg?fit=1200%2C1200&ssl=1&resize=525%2C300 1.5x, https://i0.wp.com/estreetshuffle.com/wp-content/uploads/2021/11/f23405-20190425-bruce-springsteen-western-stars.jpg?fit=1200%2C1200&ssl=1&resize=700%2C400 2x, https://i0.wp.com/estreetshuffle.com/wp-content/uploads/2021/11/f23405-20190425-bruce-springsteen-western-stars.jpg?fit=1200%2C1200&ssl=1&resize=1050%2C600 3x"}, "classes": []}, {"id": 32172, "url": "https://estreetshuffle.com/index.php/2022/01/04/year-four-complete/", "url_meta": {"origin": 31270, "position": 2}, "title": "Year Four: Complete!", "author": "Ken", "date": "January 4, 2022", "format": false, "excerpt": "Today marks the end of Year Four of this site's daily mission to document every song Bruce Springsteen has ever written, recorded, or performed in concert. It also marks: 2,949 blog posts over 1,461 consecutive days of daily publishing The completion of my annual refresh project\u2013every Roll of the Dice,\u2026", "rel": "", "context": "With 20 comments", "block_context": {"text": "With 20 comments", "link": "https://estreetshuffle.com/index.php/2022/01/04/year-four-complete/#comments"}, "img": {"alt_text": "", "src": "https://i0.wp.com/estreetshuffle.com/wp-content/uploads/2022/01/one-two-three-four-bruce-springsteen-and-the-e-street-band.gif?fit=640%2C640&ssl=1&resize=350%2C200", "width": 350, "height": 200, "srcset": "https://i0.wp.com/estreetshuffle.com/wp-content/uploads/2022/01/one-two-three-four-bruce-springsteen-and-the-e-street-band.gif?fit=640%2C640&ssl=1&resize=350%2C200 1x, https://i0.wp.com/estreetshuffle.com/wp-content/uploads/2022/01/one-two-three-four-bruce-springsteen-and-the-e-street-band.gif?fit=640%2C640&ssl=1&resize=525%2C300 1.5x"}, "classes": []}, {"id": 31153, "url": "https://estreetshuffle.com/index.php/2021/11/27/two-faces-rockaway-the-days/", "url_meta": {"origin": 31270, "position": 3}, "title": "Two Faces: Rockaway the Days", "author": "Ken", "date": "November 27, 2021", "format": false, "excerpt": "Katy Crane returns with a deep dive into Bruce's 1984 outtake.", "rel": "", "context": "In &quot;Two Faces&quot;", "block_context": {"text": "Two Faces", "link": "https://estreetshuffle.com/index.php/category/two-faces/"}, "img": {"alt_text": "", "src": "https://i0.wp.com/estreetshuffle.com/wp-content/uploads/2021/03/rockaway.jpg?fit=1200%2C675&ssl=1&resize=350%2C200", "width": 350, "height": 200, "srcset": "https://i0.wp.com/estreetshuffle.com/wp-content/uploads/2021/03/rockaway.jpg?fit=1200%2C675&ssl=1&resize=350%2C200 1x, https://i0.wp.com/estreetshuffle.com/wp-content/uploads/2021/03/rockaway.jpg?fit=1200%2C675&ssl=1&resize=525%2C300 1.5x, https://i0.wp.com/estreetshuffle.com/wp-content/uploads/2021/03/rockaway.jpg?fit=1200%2C675&ssl=1&resize=700%2C400 2x, https://i0.wp.com/estreetshuffle.com/wp-content/uploads/2021/03/rockaway.jpg?fit=1200%2C675&ssl=1&resize=1050%2C600 3x"}, "classes": []}, {"id": 11847, "url": "https://estreetshuffle.com/index.php/2019/08/25/matr-roy-orbison-and-bruce-springsteen-oh-pretty-woman/", "url_meta": {"origin": 31270, "position": 4}, "title": "MatR: Roy Orbison and Bruce Springsteen, Oh, Pretty Woman", "author": "Ken", "date": "August 25, 2019", "format": false, "excerpt": "Why does Bruce have so much trouble getting through \"Oh, Pretty Woman?\" Who knows, but it's fun to watch him try. Check out a bevy of great performances with Roy Orbison, Elvis Costello, and John Fogerty.", "rel": "", "context": "In &quot;Cover Me&quot;", "block_context": {"text": "Cover Me", "link": "https://estreetshuffle.com/index.php/category/cover-me/"}, "img": {"alt_text": "", "src": "https://i0.wp.com/estreetshuffle.com/wp-content/uploads/2019/08/oh_pretty_woman.jpg?fit=497%2C500&ssl=1&resize=350%2C200", "width": 350, "height": 200}, "classes": []}, {"id": 30867, "url": "https://estreetshuffle.com/index.php/2022/01/05/matr-roy-orbison-bruce-springsteen-and-friends-candy-man/", "url_meta": {"origin": 31270, "position": 5}, "title": "MatR: Roy Orbison, Bruce Springsteen, and Friends: Candy Man", "author": "Ken", "date": "January 5, 2022", "format": false, "excerpt": "One time only: Bruce joins Roy Orbison and an all-star backing band for a great cover of Roy's 1961 B-side.", "rel": "", "context": "In &quot;Cover Me&quot;", "block_context": {"text": "Cover Me", "link": "https://estreetshuffle.com/index.php/category/cover-me/"}, "img": {"alt_text": "", "src": "https://i0.wp.com/estreetshuffle.com/wp-content/uploads/2022/01/candyman.jpg?fit=600%2C600&ssl=1&resize=350%2C200", "width": 350, "height": 200, "srcset": "https://i0.wp.com/estreetshuffle.com/wp-content/uploads/2022/01/candyman.jpg?fit=600%2C600&ssl=1&resize=350%2C200 1x, https://i0.wp.com/estreetshuffle.com/wp-content/uploads/2022/01/candyman.jpg?fit=600%2C600&ssl=1&resize=525%2C300 1.5x"}, "classes": []}], "_links": {"self": [{"href": "https://estreetshuffle.com/index.php/wp-json/wp/v2/posts/31270", "targetHints": {"allow": ["GET"]}}], "collection": [{"href": "https://estreetshuffle.com/index.php/wp-json/wp/v2/posts"}], "about": [{"href": "https://estreetshuffle.com/index.php/wp-json/wp/v2/types/post"}], "author": [{"embeddable": true, "href": "https://estreetshuffle.com/index.php/wp-json/wp/v2/users/1"}], "replies": [{"embeddable": true, "href": "https://estreetshuffle.com/index.php/wp-json/wp/v2/comments?post=31270"}], "version-history": [{"count": 8, "href": "https://estreetshuffle.com/index.php/wp-json/wp/v2/posts/31270/revisions"}], "predecessor-version": [{"id": 31328, "href": "https://estreetshuffle.com/index.php/wp-json/wp/v2/posts/31270/revisions/31328"}], "wp:featuredmedia": [{"embeddable": true, "href": "https://estreetshuffle.com/index.php/wp-json/wp/v2/media/12862"}], "wp:attachment": [{"href": "https://estreetshuffle.com/index.php/wp-json/wp/v2/media?parent=31270"}], "wp:term": [{"taxonomy": "category", "embeddable": true, "href": "https://estreetshuffle.com/index.php/wp-json/wp/v2/categories?post=31270"}, {"taxonomy": "post_tag", "embeddable": true, "href": "https://estreetshuffle.com/index.php/wp-json/wp/v2/tags?post=31270"}], "curies": [{"name": "wp", "href": "https://api.w.org/{rel}", "templated": true}]}}, {"id": 31153, "date": "2021-11-27T05:00:00", "date_gmt": "2021-11-27T13:00:00", "guid": {"rendered": "https://estreetshuffle.com/?p=31153"}, "modified": "2023-01-03T06:48:11", "modified_gmt": "2023-01-03T14:48:11", "slug": "two-faces-rockaway-the-days", "status": "publish", "type": "post", "link": "https://estreetshuffle.com/index.php/2021/11/27/two-faces-rockaway-the-days/", "title": {"rendered": "Two Faces: Rockaway the Days"}, "content": {"rendered": "<div class=\"su-box su-box-style-default\" id=\"\" style=\"border-color:#000000;border-radius:3px;\"><div class=\"su-box-title\" style=\"background-color:#333333;color:#FFFFFF;border-top-left-radius:1px;border-top-right-radius:1px\">Editor's Note</div><div class=\"su-box-content su-u-clearfix su-u-trim\" style=\"border-bottom-left-radius:1px;border-bottom-right-radius:1px\">\n<p><span style=\"font-size: 12pt;\"><strong><em>Editor&#8217;s Note:</em></strong></span> <span style=\"font-size: 16px;\"><i>By popular demand, guest blogger Katy Crane returns today with a new <strong>Two Faces</strong> entry.\u00a0</i></span></p>\n<p><span style=\"font-size: 16px;\"><i>And I do mean popular: Katy&#8217;s <a href=\"https://estreetshuffle.com/index.php/2021/11/04/two-faces-western-stars/\">debut counterpoint</a> to my &#8220;<a href=\"https://estreetshuffle.com/index.php/2020/03/28/roll-of-the-dice-western-stars/\">Western Stars</a>&#8221; Roll of the Dice essay already ranks #3 among this site&#8217;s most-viewed posts of the year!</i></span></p>\n<p><span style=\"font-size: 16px;\"><i>Today, she takes us deep into a much more obscure song: Bruce&#8217;s 1984 outtake, &#8220;<a href=\"https://estreetshuffle.com/index.php/2021/03/15/roll-of-the-dice-rockaway-the-days/\">Rockaway the Days</a>.&#8221;\u00a0 And once again, Katy&#8217;s take is a very different one from mine<span style=\"font-size: 12pt;\">. Let&#8217;s hear what she has to say&#8230;</span></i></span></p>\n</div></div>\n<p>The 1984 outtake \u201cRockaway the Days\u201d opens with a poignant little guitar riff, cheerful and reassuring and wistful all at once. Then we hear Springsteen\u2019s voice, telling a grim story with the sing-song cadences of a lullaby:</p>\n<p style=\"padding-left: 40px;\"><em>Billy got out of prison but he wasn\u2019t right<br />\n</em><em>Some like to drink or gamble; Billy liked to fight</em></p>\n<div class=\"jetpack-video-wrapper\"><iframe loading=\"lazy\" title=\"Rockaway The Days (Studio Outtake - 1984)\" width=\"758\" height=\"569\" src=\"https://www.youtube.com/embed/eu5sSFAC5-U?feature=oembed\" frameborder=\"0\" allow=\"accelerometer; autoplay; clipboard-write; encrypted-media; gyroscope; picture-in-picture; web-share\" referrerpolicy=\"strict-origin-when-cross-origin\" allowfullscreen></iframe></div>\n<p>At times, \u201cRockaway the Days\u201d can feel like two songs. The verses are flat and detached, more a list of events than a story arc, while the riff and the chorus wash us in empathy and melancholy. The two parts of the song never quite fuse together, and while that may explain why \u201cRockaway the Days\u201d is an outtake, it also gives it a fascinating strangeness and a central mystery. Who is telling this story, and where does the fault line between the chorus and the verses come from?</p>\n<p>Ken has already explored the links between this song and the earlier outtake \u201c<a href=\"https://estreetshuffle.com/index.php/2021/01/15/roll-of-the-dice-losin-kind/\">Losin\u2019 Kind</a>,\u201d and I can\u2019t improve on that analysis. But there are a few more connections I hear as well. (And as you\u2019ll notice if you\u2019ve read Ken\u2019s piece, he and I have very different takes on what exactly is happening in the chorus.) So if you\u2019ll join me, we\u2019ll take a second look at \u201cRockaway the Days,\u201d a complex, ambitious song that bridges the gap between the isolation of <em>Nebraska </em>and the desperate search for connection of <em>Born in the U.S.A</em>.</p>\n<p>\u201cRockaway the Days\u201d is one of Springsteen\u2019s rare third-person stories, and the opening drops us abruptly into the middle of a man\u2019s life. There\u2019s no introduction, no backstory, no insight into Billy\u2019s mind, just a concise summary of his problem. Billy has an addiction to fighting, and prison has done nothing to cure it.</p>\n<p style=\"padding-left: 40px;\"><em>He tracked back to his home state of Maryland<br />\n</em><em>Went to his ma\u2019s mobile home, where she took him in, all right</em></p>\n<p>Again, the narration is oddly flat, yet every detail is telling. The mother\u2019s poverty, the absent father, the words \u201chome state\u201d instead of \u201chome,\u201d the plodding solo journey &#8211; everything tells us we\u2019re watching someone without many chances in life. We learn that Billy\u2019s mother took him in, which tells us two things: that he had to ask, and that there was a chance she might say no.</p>\n<p>Springsteen ends the verse with a casual, soothing \u201cAll right,\u201d as if he\u2019s checking in with his listeners, making sure we\u2019re with him. That \u201call right\u201d leads us into the chorus, where the whole tone of the song changes:</p>\n<p style=\"padding-left: 40px;\"><em>Rockaway the days, rockaway the nights<br />\n</em><em>Gimme something to last me, baby, &#8217;til the morning light<br />\n</em><em>I ain&#8217;t lookin&#8217; for trouble, I ain&#8217;t looking for a fight<br />\n</em><em>Honey rockaway these days, rockaway these nights</em></p>\n<p>We\u2019re no longer in the past; whatever\u2019s happening in the chorus is happening right now. We\u2019re no longer listening to a detached third-person narrative; there\u2019s a real, vulnerable person here now, speaking to us directly, asking for comfort.</p>\n<p>And by \u201ccomfort,\u201d of course, I mean sex. This is a song like \u201cBecause the Night\u201d and \u201c<a href=\"https://estreetshuffle.com/index.php/2021/01/13/roll-of-the-dice-cover-me/\">Cover Me</a>\u201d and \u201c<a href=\"https://estreetshuffle.com/index.php/2019/08/09/roll-of-the-dice-human-touch/\">Human Touch</a>,\u201d in which a character overwhelmed by the misery of the world turns to sex as a refuge, a way to get through a long, depressing night.\u00a0Ken hears the singer of \u201cRockaway the Days\u201d as a maternal figure, and while I disagree, I think he\u2019s pinpointed something central about how this chorus feels. Springsteen&#8217;s voice is gentle, the cadence repetitive and soothing. This is a lullaby of a kind, but a dark one, a lullaby for adults.</p>\n<p>The singer takes up Billy\u2019s story again, running quickly through the big events of his life, his courtship and marriage. (In what may be Springsteen\u2019s laziest rhyme ever, he names Billy\u2019s wife \u201cMary Dove\u201d so that her name will rhyme with \u201clove.\u201d Oof.)</p>\n<p style=\"padding-left: 40px;\"><em>Billy swore to Mary he&#8217;d always love her so<br />\n</em><em>They were married in the valley where the river flows, all right</em></p>\n<p>Once again we get just the bare facts, a year or two of Billy\u2019s life summed up in a few quick lines. A brief glimpse of a rural community, of church picnics and riverside weddings, of Billy trying to fit into domestic life. Once again Springsteen ends the verse with that gentle \u201call right\u201d that suggests it\u2019s not all right at all.</p>\n<p>Another chorus, another appeal for human warmth and protection, and then we\u2019re in the longest stretch of Billy\u2019s story, three verses with nothing to break them up. Billy\u2019s compulsion to fight catches up with him, and \u201cfight\u201d turns out to be a mild word for what he does.<em>\u00a0</em></p>\n<p style=\"padding-left: 40px;\"><em>At a roadside bar Billy argued with a young man<br />\n</em><em>And he settled that argument with a razor in his hand</em></p>\n<p>Billy flees, but unlike his counterparts in \u201cHighway Patrolman\u201d and \u201cLosin\u2019 Kind\u201d and \u201c<a href=\"https://estreetshuffle.com/index.php/2018/03/23/roll-of-the-dice-highway-29/\">Highway 29,</a>\u201d he doesn\u2019t immediately hit the highway. He doesn\u2019t have a car, for one thing, and he\u2019s spent the last few years trying to fit into a community. He turns for refuge not to the open road but to people: his wife, his mother, a neighbor. But it\u2019s too late; all his chances have run out. This time, when he asks to be taken in, no one is going to say yes.</p>\n<p>Billy goes first to Mary, and her reaction tells us something of what life with him must have been like.</p>\n<p style=\"padding-left: 40px;\"><em>With blood on his shirt back to Mary he did run<br />\n</em><em>She sighed &#8220;Billy, oh Billy, what have you done?&#8221;</em></p>\n<p>She\u2019s grieved, but not surprised, and she knows immediately that Billy has hurt someone. Billy tries again at his mother\u2019s house, but doesn\u2019t even get in the door.</p>\n<p style=\"padding-left: 40px;\"><em>He ran to his ma&#8217;s trailer but the lights were dim<br />\n</em><em>He pounded on the door, she wouldn&#8217;t let him in<br />\n</em><em>Up the road to a neighbor&#8217;s house he drew near<br />\n</em><em>They said &#8220;Billy go away, we don&#8217;t want no trouble &#8217;round here&#8221;</em></p>\n<p>What has Billy done already, how many people has he hurt, that his family and friends see him approaching and assume correctly that he\u2019s done something terrible?</p>\n<p>We can see the ending of this story coming already, but the narrator refuses to rush it. He takes us through each detail: the stolen car, the drug-fueled flight, the panicked one-car accident. He shows us the aftermath of Billy\u2019s death: his body being recovered, his mother getting the news, and finally his burial, in the place where he was married a few verses ago.</p>\n<p>The chorus comes back, and now, with Billy\u2019s story complete and finished behind us, we can hear this for what it is: a song of mourning. Not for Billy, exactly, but for a world where grim little stories like this happen every day.</p>\n<p>Then something unexpected happens: the song keeps going. For the first time, that insistent guitar riff drops out, and in the hush of its absence, the narrator reflects on the world he lives in.</p>\n<p style=\"padding-left: 40px;\"><em>Rich man want the power and the seat on the top<br />\n</em><em>Poor man want the money that the rich man got</em></p>\n<p>Sound familiar? Six years before, in \u201c<a href=\"https://estreetshuffle.com/index.php/2019/05/20/roll-of-the-dice-badlands/\">Badlands</a>,\u201d Springsteen sang confidently,</p>\n<p style=\"padding-left: 40px;\"><em>Poor man wanna be rich, rich man wanna be king<br />\n</em><em>And a king ain&#8217;t satisfied till he rules everything<br />\n</em><em>I wanna go out tonight, I wanna find out what I got</em></p>\n<div class=\"jetpack-video-wrapper\"><iframe loading=\"lazy\" title=\"Badlands\" width=\"758\" height=\"569\" src=\"https://www.youtube.com/embed/SDlSCeQXbPo?feature=oembed\" frameborder=\"0\" allow=\"accelerometer; autoplay; clipboard-write; encrypted-media; gyroscope; picture-in-picture; web-share\" referrerpolicy=\"strict-origin-when-cross-origin\" allowfullscreen></iframe></div>\n<p>And there\u2019s no better encapsulation of the change from <a href=\"https://estreetshuffle.com/index.php/2022/07/05/album-companion-darkness-on-the-edge-of-town/\"><em>Darkness on the Edge of Town </em></a>to <em>Born in the U.S.A.</em> than these two mirror-image verses. In \u201cBadlands,\u201d the singer concluded his neat summary of the class struggle by swaggering out into the night to take his place in it, to find out what he had and try to get more. Six years later, his impulse is exactly the opposite: to draw inward, to retreat into the safety of closed doors and the comfort of another person.</p>\n<p>What other person? We\u2019re about to find out.</p>\n<p style=\"padding-left: 40px;\"><em>Honey, tonight I\u2019m feeling so tired and unsure<br />\n</em><em>Come on in, Mary, shut the light, close the door.</em></p>\n<p>If \u201cRockaway the Days\u201d were a movie, this would be the moment when the audience collectively gasps. This is a Big Reveal. The singer, lost in his thoughts, hears a knock and turns to answer the door. Who\u2019s that on the other side? Why, it\u2019s our old friend Mary!</p>\n<p>But who exactly is the singer? Is this a flashback to Billy, at an earlier point in his life, before everything went wrong? Or is it someone else, someone who\u2019s in Mary\u2019s life now?</p>\n<p>Either one is possible, but I\u2019m inclined to think it\u2019s the second. I think Springsteen set Billy\u2019s story in the past and the chorus in the present for a reason. I think the words \u201cI ain\u2019t looking for trouble/ I ain\u2019t looking for a fight,\u201d are significant; these are both words explicitly associated with Billy. The narrator is reassuring Mary that he\u2019s not Billy, that she can trust him, that what happened to Billy won\u2019t happen to him.</p>\n<p>This also explains the flatness of the narration, the sense of being shut out of Billy\u2019s thoughts and emotions. The singer doesn\u2019t know Billy; he knows only the bare events of his life. And yet Billy\u2019s story has brushed up against his own, and he\u2019s affected by it, haunted by it.</p>\n<p>Compare this to \u201c<a href=\"https://estreetshuffle.com/index.php/2018/01/11/roll-of-the-dice-working-on-the-highway/\">Wreck on the Highway</a>,\u201d another story with a car crash, a dead young man, and a narrator who has crossed paths with someone else\u2019s tragedy. That song ends with the singer lying awake at night watching his girlfriend sleep, keeping vigil over the things he loves so they don\u2019t slip away. \u201cRockaway the Days\u201d is \u201cWreck on the Highway\u201d updated for the <em>Born in the U.S.A.</em> era, a time when that kind of human connection is harder to come by.</p>\n<div class=\"jetpack-video-wrapper\"><iframe loading=\"lazy\" title=\"Wreck on the Highway\" width=\"758\" height=\"569\" src=\"https://www.youtube.com/embed/D-MthLm7_m0?feature=oembed\" frameborder=\"0\" allow=\"accelerometer; autoplay; clipboard-write; encrypted-media; gyroscope; picture-in-picture; web-share\" referrerpolicy=\"strict-origin-when-cross-origin\" allowfullscreen></iframe></div>\n<p>As a 1984 outtake, \u201cRockaway the Days\u201d bridges the gap between two albums. We\u2019ve just come through the dark isolation of <em>Nebraska</em>, and now the characters are starting to reach out, tentatively, for the connections that will tether them to the world again. \u201cRockaway the Days\u201d is a <em>Nebraska</em> story, as told by a character from <em>Born in the U.S.A</em>. The narrator is depressed and lonely, but he\u2019s asking for help. He\u2019s making contact, however briefly, with another person. And yet he\u2019s preoccupied by someone for whom that kind of contact didn\u2019t work, who had a family and a marriage but couldn\u2019t keep from spiraling out, away from the things that were trying to save him.</p>\n<p>Springsteen gives us a final chorus:</p>\n<p style=\"padding-left: 40px;\"><em>Rockaway the days, rockaway the nights<br />\n</em><em>Gimme something to last me, baby, &#8217;til the morning light<br />\n</em><em>I ain&#8217;t lookin&#8217; for trouble, I ain&#8217;t looking for a fight<br />\n</em><em>Honey rockaway these days, rockaway these nights</em></p>\n<p>And now that we know who these people are, whose tryst we\u2019re witnessing, we can finally see all the emotional layers to it. It\u2019s partly an instinctive response to tragedy: life asserting itself in the face of death. It\u2019s partly self-protection: the singer turning away from a world in which stories like Billy\u2019s happen and taking refuge in sex. But we\u2019re also watching someone trying his hardest not to be Billy, to stay connected, to get through one day at a time for as long as he can.</p>\n<p>\u201cWell, all right,\u201d the narrator sings again, but the soothing quality is gone from his voice. He sounds doubtful now, uncertain, like he\u2019s trying to convince himself of something. \u201cWell, all right.\u201d His voice rises, becomes a question, with a hysterical, yelping edge to it. \u201cWell, all right? <em>Well, all right</em>?&#8221;</p>\n<p>There\u2019s no answer. Just the guitar riff, insistent and wistful, returning one last time to end the song.</p>\n<p>&nbsp;</p>\n", "protected": false}, "excerpt": {"rendered": "<p>Katy Crane returns with a deep dive into Bruce&#8217;s 1984 outtake.</p>\n", "protected": false}, "author": 1, "featured_media": 25971, "comment_status": "open", "ping_status": "open", "sticky": false, "template": "", "format": "standard", "meta": {"_monsterinsights_skip_tracking": false, "_monsterinsights_sitenote_active": false, "_monsterinsights_sitenote_note": "", "_monsterinsights_sitenote_category": 0, "jetpack_post_was_ever_published": false, "_jetpack_newsletter_access": "", "_jetpack_dont_email_post_to_subs": false, "_jetpack_newsletter_tier_id": 0, "_jetpack_memberships_contains_paywalled_content": false, "_jetpack_memberships_contains_paid_content": false, "footnotes": "", "jetpack_publicize_message": "", "jetpack_publicize_feature_enabled": true, "jetpack_social_post_already_shared": true, "jetpack_social_options": {"image_generator_settings": {"template": "highway", "default_image_id": 0, "font": "", "enabled": false}, "version": 2}}, "categories": [3326], "tags": [3353, 3129], "class_list": ["post-31153", "post", "type-post", "status-publish", "format-standard", "has-post-thumbnail", "hentry", "category-two-faces", "tag-katy-crane", "tag-rockaway-the-days"], "aioseo_notices": [], "jetpack_publicize_connections": [], "jetpack_featured_media_url": "https://i0.wp.com/estreetshuffle.com/wp-content/uploads/2021/03/rockaway.jpg?fit=1200%2C675&ssl=1", "jetpack_sharing_enabled": true, "jetpack_shortlink": "https://wp.me/p9w3Lk-86t", "jetpack_likes_enabled": true, "jetpack-related-posts": [{"id": 25700, "url": "https://estreetshuffle.com/index.php/2021/03/15/roll-of-the-dice-rockaway-the-days/", "url_meta": {"origin": 31153, "position": 0}, "title": "Roll of the Dice: Rockaway the Days", "author": "Ken", "date": "March 15, 2021", "format": false, "excerpt": "This under-the-radar Born in the U.S.A. outtake is the darkest in Bruce's \"car crash song\" mini-genre.", "rel": "", "context": "In &quot;Roll of the Dice&quot;", "block_context": {"text": "Roll of the Dice", "link": "https://estreetshuffle.com/index.php/category/roll-of-the-dice/"}, "img": {"alt_text": "", "src": "https://i0.wp.com/estreetshuffle.com/wp-content/uploads/2021/03/rockaway.jpg?fit=1200%2C675&ssl=1&resize=350%2C200", "width": 350, "height": 200, "srcset": "https://i0.wp.com/estreetshuffle.com/wp-content/uploads/2021/03/rockaway.jpg?fit=1200%2C675&ssl=1&resize=350%2C200 1x, https://i0.wp.com/estreetshuffle.com/wp-content/uploads/2021/03/rockaway.jpg?fit=1200%2C675&ssl=1&resize=525%2C300 1.5x, https://i0.wp.com/estreetshuffle.com/wp-content/uploads/2021/03/rockaway.jpg?fit=1200%2C675&ssl=1&resize=700%2C400 2x, https://i0.wp.com/estreetshuffle.com/wp-content/uploads/2021/03/rockaway.jpg?fit=1200%2C675&ssl=1&resize=1050%2C600 3x"}, "classes": []}, {"id": 31270, "url": "https://estreetshuffle.com/index.php/2021/12/06/two-faces-cynthia/", "url_meta": {"origin": 31153, "position": 1}, "title": "Two Faces: Cynthia", "author": "Ken", "date": "December 6, 2021", "format": false, "excerpt": "Katy Crane explains why \"Cynthia\" is a feminist rewrite of Roy Orbison's \"Oh, Pretty Woman.\"", "rel": "", "context": "In &quot;Two Faces&quot;", "block_context": {"text": "Two Faces", "link": "https://estreetshuffle.com/index.php/category/two-faces/"}, "img": {"alt_text": "", "src": "https://i0.wp.com/estreetshuffle.com/wp-content/uploads/2019/09/womanwalking2.gif?fit=500%2C500&ssl=1&resize=350%2C200", "width": 350, "height": 200}, "classes": []}, {"id": 30616, "url": "https://estreetshuffle.com/index.php/2021/11/04/two-faces-western-stars/", "url_meta": {"origin": 31153, "position": 2}, "title": "Two Faces: Western Stars", "author": "Ken", "date": "November 4, 2021", "format": false, "excerpt": "Introducing guest-blogger Katy Crane in her first of hopefully many appearances. Today she offers a counter-take to my interpretation of \"Western Stars.\"", "rel": "", "context": "In &quot;Two Faces&quot;", "block_context": {"text": "Two Faces", "link": "https://estreetshuffle.com/index.php/category/two-faces/"}, "img": {"alt_text": "", "src": "https://i0.wp.com/estreetshuffle.com/wp-content/uploads/2021/11/f23405-20190425-bruce-springsteen-western-stars.jpg?fit=1200%2C1200&ssl=1&resize=350%2C200", "width": 350, "height": 200, "srcset": "https://i0.wp.com/estreetshuffle.com/wp-content/uploads/2021/11/f23405-20190425-bruce-springsteen-western-stars.jpg?fit=1200%2C1200&ssl=1&resize=350%2C200 1x, https://i0.wp.com/estreetshuffle.com/wp-content/uploads/2021/11/f23405-20190425-bruce-springsteen-western-stars.jpg?fit=1200%2C1200&ssl=1&resize=525%2C300 1.5x, https://i0.wp.com/estreetshuffle.com/wp-content/uploads/2021/11/f23405-20190425-bruce-springsteen-western-stars.jpg?fit=1200%2C1200&ssl=1&resize=700%2C400 2x, https://i0.wp.com/estreetshuffle.com/wp-content/uploads/2021/11/f23405-20190425-bruce-springsteen-western-stars.jpg?fit=1200%2C1200&ssl=1&resize=1050%2C600 3x"}, "classes": []}, {"id": 55578, "url": "https://estreetshuffle.com/index.php/2025/01/12/kingdom-of-days-january-12/", "url_meta": {"origin": 31153, "position": 3}, "title": "January 12", "author": "Ken", "date": "January 12, 2025", "format": false, "excerpt": "Youngstown in Youngstown, an all-star HOF jam, and a secret gig at the White House are among this day's highlights.", "rel": "", "context": "In &quot;Kingdom of Days&quot;", "block_context": {"text": "Kingdom of Days", "link": "https://estreetshuffle.com/index.php/category/kingdom-of-days/"}, "img": {"alt_text": "", "src": "https://i0.wp.com/estreetshuffle.com/wp-content/uploads/2018/01/2017-0112.jpg?fit=939%2C448&ssl=1&resize=350%2C200", "width": 350, "height": 200, "srcset": "https://i0.wp.com/estreetshuffle.com/wp-content/uploads/2018/01/2017-0112.jpg?fit=939%2C448&ssl=1&resize=350%2C200 1x, https://i0.wp.com/estreetshuffle.com/wp-content/uploads/2018/01/2017-0112.jpg?fit=939%2C448&ssl=1&resize=525%2C300 1.5x, https://i0.wp.com/estreetshuffle.com/wp-content/uploads/2018/01/2017-0112.jpg?fit=939%2C448&ssl=1&resize=700%2C400 2x"}, "classes": []}, {"id": 30170, "url": "https://estreetshuffle.com/index.php/2021/10/13/cover-me-damien-jurado-and-rosie-thomas-wages-of-sin/", "url_meta": {"origin": 31153, "position": 4}, "title": "Cover Me, Damien Jurado and Rosie Thomas: Wages of Sin", "author": "Ken", "date": "October 13, 2021", "format": false, "excerpt": "Damien Jurado and Rosie Thomas turn Bruce's haunting outtake into the dance of distrust it was always meant to be.", "rel": "", "context": "In &quot;Cover Me&quot;", "block_context": {"text": "Cover Me", "link": "https://estreetshuffle.com/index.php/category/cover-me/"}, "img": {"alt_text": "", "src": "https://i0.wp.com/estreetshuffle.com/wp-content/uploads/2021/10/4066101_so.jpg?fit=1080%2C1070&ssl=1&resize=350%2C200", "width": 350, "height": 200, "srcset": "https://i0.wp.com/estreetshuffle.com/wp-content/uploads/2021/10/4066101_so.jpg?fit=1080%2C1070&ssl=1&resize=350%2C200 1x, https://i0.wp.com/estreetshuffle.com/wp-content/uploads/2021/10/4066101_so.jpg?fit=1080%2C1070&ssl=1&resize=525%2C300 1.5x, https://i0.wp.com/estreetshuffle.com/wp-content/uploads/2021/10/4066101_so.jpg?fit=1080%2C1070&ssl=1&resize=700%2C400 2x, https://i0.wp.com/estreetshuffle.com/wp-content/uploads/2021/10/4066101_so.jpg?fit=1080%2C1070&ssl=1&resize=1050%2C600 3x"}, "classes": []}, {"id": 21112, "url": "https://estreetshuffle.com/index.php/2020/10/10/roll-of-the-dice-seeds/", "url_meta": {"origin": 31153, "position": 5}, "title": "Roll of the Dice: Seeds", "author": "Ken", "date": "October 10, 2020", "format": false, "excerpt": "Will the real \"Seeds\" please stand up? Let's take a listen to the many forms of this unreleased but vital entry in the Springsteen catalog.", "rel": "", "context": "In &quot;Roll of the Dice&quot;", "block_context": {"text": "Roll of the Dice", "link": "https://estreetshuffle.com/index.php/category/roll-of-the-dice/"}, "img": {"alt_text": "", "src": "https://i0.wp.com/estreetshuffle.com/wp-content/uploads/2020/10/seeds.jpg?fit=1033%2C800&ssl=1&resize=350%2C200", "width": 350, "height": 200, "srcset": "https://i0.wp.com/estreetshuffle.com/wp-content/uploads/2020/10/seeds.jpg?fit=1033%2C800&ssl=1&resize=350%2C200 1x, https://i0.wp.com/estreetshuffle.com/wp-content/uploads/2020/10/seeds.jpg?fit=1033%2C800&ssl=1&resize=525%2C300 1.5x, https://i0.wp.com/estreetshuffle.com/wp-content/uploads/2020/10/seeds.jpg?fit=1033%2C800&ssl=1&resize=700%2C400 2x"}, "classes": []}], "_links": {"self": [{"href": "https://estreetshuffle.com/index.php/wp-json/wp/v2/posts/31153", "targetHints": {"allow": ["GET"]}}], "collection": [{"href": "https://estreetshuffle.com/index.php/wp-json/wp/v2/posts"}], "about": [{"href": "https://estreetshuffle.com/index.php/wp-json/wp/v2/types/post"}], "author": [{"embeddable": true, "href": "https://estreetshuffle.com/index.php/wp-json/wp/v2/users/1"}], "replies": [{"embeddable": true, "href": "https://estreetshuffle.com/index.php/wp-json/wp/v2/comments?post=31153"}], "version-history": [{"count": 8, "href": "https://estreetshuffle.com/index.php/wp-json/wp/v2/posts/31153/revisions"}], "predecessor-version": [{"id": 40584, "href": "https://estreetshuffle.com/index.php/wp-json/wp/v2/posts/31153/revisions/40584"}], "wp:featuredmedia": [{"embeddable": true, "href": "https://estreetshuffle.com/index.php/wp-json/wp/v2/media/25971"}], "wp:attachment": [{"href": "https://estreetshuffle.com/index.php/wp-json/wp/v2/media?parent=31153"}], "wp:term": [{"taxonomy": "category", "embeddable": true, "href": "https://estreetshuffle.com/index.php/wp-json/wp/v2/categories?post=31153"}, {"taxonomy": "post_tag", "embeddable": true, "href": "https://estreetshuffle.com/index.php/wp-json/wp/v2/tags?post=31153"}], "curies": [{"name": "wp", "href": "https://api.w.org/{rel}", "templated": true}]}}, {"id": 30616, "date": "2021-11-04T05:00:00", "date_gmt": "2021-11-04T12:00:00", "guid": {"rendered": "https://estreetshuffle.com/?p=30616"}, "modified": "2023-01-03T06:41:05", "modified_gmt": "2023-01-03T14:41:05", "slug": "two-faces-western-stars", "status": "publish", "type": "post", "link": "https://estreetshuffle.com/index.php/2021/11/04/two-faces-western-stars/", "title": {"rendered": "Two Faces: Western Stars"}, "content": {"rendered": "<div class=\"su-box su-box-style-default\" id=\"\" style=\"border-color:#000000;border-radius:3px;\"><div class=\"su-box-title\" style=\"background-color:#333333;color:#FFFFFF;border-top-left-radius:1px;border-top-right-radius:1px\">Editor's Note</div><div class=\"su-box-content su-u-clearfix su-u-trim\" style=\"border-bottom-left-radius:1px;border-bottom-right-radius:1px\">\n<p><span style=\"font-size: 12pt;\"><strong><em>Editor&#8217;s Note:</em></strong></span>\u00a0<span style=\"font-size: 16px;\"><i><span style=\"font-size: 16px;\">For four years, I&#8217;ve been working my way through Bruce&#8217;s catalog, song by song, day by day. I&#8217;ve had some great guest-writers along the way, but always in the &#8220;Where the Band Was&#8221; series. When it comes to analyzing Bruce&#8217;s songs, I&#8217;ve held the Roll of the Dice series with a pretty tight grip.</span></i></span></p>\n<p><span style=\"font-size: 16px;\"><i>But then I met Katy Crane. Katy caught my interest from the very first of a string of deeply insightful comments in response to my Roll of the Dice articles, featuring provocative takes, surprising connections, broad musical knowledge, and a writer&#8217;s voice I only aspire to.</i></span></p>\n<p><span style=\"font-size: 16px;\"><i>We usually found ourselves in agreement about a particular song, but my favorite days were the ones where Katy would provide counter-takes so persuasively written and backed up that I couldn&#8217;t help but see a song I thought I knew in a brand new light.</i></span></p>\n<p><span style=\"font-size: 16px;\"><i>So what do you do when you discover a reader whose comments deserve a &#8220;Hold my beer&#8221; subject line? Well&#8230; I hold her beer.</i></span></p>\n<p><span style=\"font-size: 16px;\"><i>Meet Katy Crane, a writer and teacher from interior Alaska. She recently moved from a small town to a big city and dealt with the culture shock by becoming an obsessive Springsteen fan. Her favorite Springsteen album is <em>Nebraska,\u00a0</em>and she thinks &#8220;<a href=\"https://estreetshuffle.com/index.php/2018/02/02/roll-of-the-dice-crush-on-you/\">Crush on You</a>&#8221; is a good song and &#8220;Jungleland&#8221; is overrated.\u00a0</i></span></p>\n<p><span style=\"font-size: 16px;\"><i>Katy makes her first of what I fervently hope will be many appearances here today, in a new series we&#8217;re calling <strong>Two Faces</strong>, featuring alternative interpretations to the ones I&#8217;ve put forward in the Roll of the Dice series.</i></span></p>\n<p><span style=\"font-size: 16px;\"><i>Take it away, Katy!</i></span></p>\n</div></div>\n<p>&nbsp;</p>\n<p><em>I am become a name;<br />\n</em><em>For always roaming with a hungry heart<br />\n</em><em>Much have I seen and known<br />\n</em><em>\u00a0\u00a0\u00a0\u00a0\u00a0\u00a0\u00a0\u00a0\u00a0\u00a0\u00a0\u00a0\u00a0\u00a0\u00a0\u00a0\u00a0\u00a0\u00a0\u00a0\u00a0\u00a0\u00a0\u00a0\u00a0\u00a0\u00a0\u00a0\u00a0\u00a0\u00a0\u00a0\u00a0\u00a0\u00a0\u00a0\u00a0\u00a0\u00a0\u00a0\u00a0\u00a0\u00a0\u00a0\u00a0\u00a0\u00a0\u00a0\u00a0\u00a0\u00a0\u00a0\u00a0\u00a0 &#8212; Tennyson, \u201cUlysses\u201d</em></p>\n<p><em>Push off, and sitting well in order smite<br />\n</em><em>The sounding furrows; for my purpose holds<br />\n</em><em>To sail beyond the sunset, and the baths<br />\n</em><em>Of all the western stars, until I die.<br />\n</em>\u00a0\u00a0\u00a0\u00a0\u00a0\u00a0\u00a0\u00a0\u00a0\u00a0\u00a0\u00a0\u00a0\u00a0\u00a0\u00a0\u00a0\u00a0\u00a0\u00a0\u00a0\u00a0\u00a0\u00a0\u00a0\u00a0\u00a0\u00a0\u00a0\u00a0\u00a0\u00a0\u00a0\u00a0\u00a0\u00a0\u00a0\u00a0\u00a0\u00a0\u00a0\u00a0\u00a0\u00a0\u00a0\u00a0\u00a0\u00a0\u00a0\u00a0\u00a0\u00a0\u00a0\u00a0 &#8212; Tennyson, \u201cUlysses\u201d (toward the end)</p>\n<hr />\n<p>\u201cWestern Stars\u201d is a song about someone living in the past: a portrait of an aging, washed-up star of Hollywood Westerns, who still hangs on to enough shreds of fame to keep him in commercials and free drinks. That much we can all agree on. (And by \u201cwe\u201d I mean me, Ken, and Bruce Springsteen, who weighed in on the meaning of the song in his <em>Western Stars</em> feature film.)</p>\n<p>Where opinions get divided, though, is on the question of how we\u2019re supposed to feel about it. Is the song, as Springsteen suggests in the film, an admiring portrait of someone who may be past his prime but still knows who he is? Or is it something darker, more akin to \u201cGlory Days,\u201d a portrait of someone taking refuge from the present in an idealized dream of the past?</p>\n<p>Ken has already written a great <a href=\"https://estreetshuffle.com/index.php/2020/03/28/roll-of-the-dice-western-stars/\">analysis of the song from the first viewpoint</a>, the optimistic one. And now he\u2019s very kindly offered me the chance to present the opposite take: \u201cWestern Stars\u201d as a day in the life of a depressed and lonely alcoholic.</p>\n<div class=\"jetpack-video-wrapper\"><iframe loading=\"lazy\" title=\"Bruce Springsteen - Western Stars (Official Video)\" width=\"758\" height=\"426\" src=\"https://www.youtube.com/embed/_IXzAAKrsFE?feature=oembed\" frameborder=\"0\" allow=\"accelerometer; autoplay; clipboard-write; encrypted-media; gyroscope; picture-in-picture; web-share\" referrerpolicy=\"strict-origin-when-cross-origin\" allowfullscreen></iframe></div>\n<p>Ken points out that \u201cWestern Stars\u201d has much the same beginning as \u201cDancing in the Dark.\u201d And like \u201c<a href=\"https://estreetshuffle.com/index.php/2021/12/25/roll-of-the-dice-dancing-in-the-dark/\">Dancing in the Dark</a>,\u201d it slips something by you. It plays with what you think you know, what you think you\u2019re hearing.</p>\n<p>The first time you hear the lyric \u201cI get up in the evening,\u201d there\u2019s a little jolt of surprise, of a clich\u00e9 being overturned. Only on a second listen do you hear the line as the literal truth: the daily grind of a character who works nights, goes to bed in the morning, gets up after dark.</p>\n<p>\u201cWestern Stars\u201d has a similarly slippery beginning. \u201cI wake up in the morning,\u201d Bruce tells us, \u201cjust glad my boots are on.\u201d And because his character doesn\u2019t see anything odd about waking up with his boots on, it\u2019s easy to miss what a weird image this is. It\u2019s easy to hear it as a metaphor for waking up in one piece, ready to greet another day. But stop a moment and think about it literally, as a character detail, and the whole song changes.</p>\n<p>In real life, who wakes up with their boots on? Someone who passed out fully clothed the night before, that\u2019s who. Who wakes up in the morning <em>glad</em> their boots are on? Someone who passes out with their boots on so often that they&#8217;ve come to think of it as normal.</p>\n<p>And with that, a part of the story snaps into focus. This is a character who wakes up hung over and spends the day getting progressively drunker, to finally pass out and do it all again the next day. And we\u2019re about to follow him through his day, find out how and why he got here. (Think of it as the Springsteen version of <em>The Hangover</em> or <em>Dude, Where\u2019s My El Camino?</em>)</p>\n<p>First stop, the set of a Viagra commercial.</p>\n<p style=\"padding-left: 40px;\"><em>On the set, the makeup girl brings me two raw eggs and a shot of gin<br />\nThen I give it all up for that little blue pill<br />\nThat promises to bring it all back to you again.</em></p>\n<p>The long-suffering makeup girl brings our star his first drink of the day, a combined breakfast and hangover cure. And then he goes out on the set and shills for Viagra. There\u2019s some cynicism in that last line; he knows he\u2019s selling false promises &#8211; of youth, romance, second chances &#8211; along with the pills.</p>\n<p>The chorus comes in:</p>\n<p style=\"padding-left: 40px;\"><em>Ride me down easy, ride me down easy, friend<br />\nTonight the western stars are shining bright again.</em></p>\n<p>This is a patchwork chorus, assembled from the classics. The opening line comes from Billy Joe Shaver\u2019s 1973 song \u201cRide Me Down Easy,\u201d a song that envisions God as a jockey, a rider taking a horse for a gentle ride after a long and tiring race.</p>\n<div class=\"jetpack-video-wrapper\"><iframe loading=\"lazy\" title=\"Waylon Jennings - Ride Me Down Easy\" width=\"758\" height=\"569\" src=\"https://www.youtube.com/embed/7XS3IE3ktJ8?feature=oembed\" frameborder=\"0\" allow=\"accelerometer; autoplay; clipboard-write; encrypted-media; gyroscope; picture-in-picture; web-share\" referrerpolicy=\"strict-origin-when-cross-origin\" allowfullscreen></iframe></div>\n<p>The phrase \u201cwestern stars\u201d has a double, or even a triple meaning; the stars that hang over the American West (reminiscent of Woody Guthrie\u2019s \u201cCalifornia Stars,\u201d a painfully nostalgic late-career song, released posthumously), the vanished stars of Hollywood Westerns, and lastly, the Tennyson poem \u201cUlysses,\u201d the same portrait of Odysseus in old age that gave us the title \u201c<a href=\"https://estreetshuffle.com/index.php/2022/12/21/roll-of-the-dice-hungry-heart/\">Hungry Heart</a>.\u201d</p>\n<p>In other words, there is a staggering amount of Past packed into that chorus. And yet, with the strings rising gently behind it, it sounds hopeful. The singer sounds as if he expects the past to return, the western stars to resurrect themselves, as if he\u2019s just waiting for everything to come back to life.</p>\n<p>Next stop, the canyons above Sunset, where the song begins to feel cinematic. The camera pans out to show us the Hollywood of classic noir: a violent place where the veneer of civilization is thin. We watch a coyote carrying off a chihuahua: a predator with its completely outmatched prey. A similar scene plays out at the Whiskey Bar, where the narrator chats up \u201ca lost sheep from Oklahoma,\u201d &#8211; another prey animal &#8211; who is out of place enough to order a mojito and young enough to know him only as the actor from a commercial.</p>\n<p>Mellowed by whiskey and flirtation, the narrator falls into a reverie about the one part of his life that he still loves: the days when he goes rodeo riding out in the desert. Yet even here, there\u2019s an overwhelming sense of nostalgia.</p>\n<p style=\"padding-left: 40px;\"><em>East to the desert where the charros, they still ride and rope<br />\nOur American brothers cross the wire and bring the old ways with them.</em></p>\n<p>This is another way of trying to relive the past, then: different from Viagra but just as tempting.</p>\n<p>Up till now, the musical backing has been restrained.\u00a0 But now, as the drinks and the reminiscence take effect, the orchestra surges in behind Bruce. The strings swell, swoopy and syrupy and nostalgic. The chorus returns, stronger and more triumphant than before, driving us toward the end of the night, toward whatever it is that the singer is chasing.</p>\n<p>And then we\u2019re back at the bar, and it\u2019s time for another drink. \u201cOnce I was shot by John Wayne,\u201d the singer tells us, conversationally, and we can see him turning toward us on his barstool. \u201cYeah, it was toward the end.\u201d One of several lines that ring through the song like the tolling of a bell: <em>Yeah, it was toward the end. These days there ain\u2019t no more. Bring it all back to you again. </em></p>\n<p>Now we know who the \u201cfriend\u201d of the chorus is: it\u2019s us. We\u2019re the anonymous stranger buying this man drinks while he tells his John Wayne story for the thousandth time. This is what \u201cride me down easy\u201d means; this is what the singer is asking of us.</p>\n<p>He\u2019s not at home in the present, where he\u2019s a washed-up actor, an old man hawking pills and credit cards. He lives his real life in a Western movie that\u2019s playing out in his mind. But he needs a way into that movie; he needs the alcohol to cushion things; he needs an audience. The word \u201cfriend\u201d here is grimly ironic: his \u201cfriend\u201d is always a stranger, someone to whom his story is new.</p>\n<p>So we buy him drinks, and he toasts \u201cthe cowboys &#8211; riders in the whirlwind,\u201d and the strings get ever swoopier as he slides further into his dream. The line between life and the movies disappears; he\u2019s no longer just an actor; now he\u2019s also the cowboy, the hero, the guy riding up on a horse in a cloud of dust. And as he drifts away from reality and takes refuge in his mind, his mind rewards him with a last glorious vision: the riders on Sunset, \u201csmothered in the Santa Ana winds.\u201d</p>\n<p>The orchestra crashes back in, the strings swoop and soar, dramatic and stirring. He\u2019s reliving his glory days, and we\u2019re right there with him, caught up in the sudden beauty of his vision. This is what he\u2019s been chasing all day. This is what it means for the Western stars to be shining bright.</p>\n<p>But then the day ends. Our hero passes out. The music drops to almost nothing, the vision fades, and we\u2019re left back where we started.</p>\n<p><em>I woke up this morning, just glad my boots were on.</em></p>\n<p>&nbsp;</p>\n", "protected": false}, "excerpt": {"rendered": "<p>Introducing guest-blogger Katy Crane in her first of hopefully many appearances. Today she offers a counter-take to my interpretation of &#8220;Western Stars.&#8221;</p>\n", "protected": false}, "author": 1, "featured_media": 30670, "comment_status": "open", "ping_status": "open", "sticky": false, "template": "", "format": "standard", "meta": {"_monsterinsights_skip_tracking": false, "_monsterinsights_sitenote_active": false, "_monsterinsights_sitenote_note": "", "_monsterinsights_sitenote_category": 0, "jetpack_post_was_ever_published": false, "_jetpack_newsletter_access": "", "_jetpack_dont_email_post_to_subs": false, "_jetpack_newsletter_tier_id": 0, "_jetpack_memberships_contains_paywalled_content": false, "_jetpack_memberships_contains_paid_content": false, "footnotes": "", "jetpack_publicize_message": "", "jetpack_publicize_feature_enabled": true, "jetpack_social_post_already_shared": true, "jetpack_social_options": {"image_generator_settings": {"template": "highway", "default_image_id": 0, "font": "", "enabled": false}, "version": 2}}, "categories": [3326], "tags": [2416], "class_list": ["post-30616", "post", "type-post", "status-publish", "format-standard", "has-post-thumbnail", "hentry", "category-two-faces", "tag-western-stars"], "aioseo_notices": [], "jetpack_publicize_connections": [], "jetpack_featured_media_url": "https://i0.wp.com/estreetshuffle.com/wp-content/uploads/2021/11/f23405-20190425-bruce-springsteen-western-stars.jpg?fit=2000%2C2000&ssl=1", "jetpack_sharing_enabled": true, "jetpack_shortlink": "https://wp.me/p9w3Lk-7XO", "jetpack_likes_enabled": true, "jetpack-related-posts": [{"id": 7341, "url": "https://estreetshuffle.com/index.php/2019/01/26/bloggers-note-check-out-our-new-album-by-album-index/", "url_meta": {"origin": 30616, "position": 0}, "title": "Blogger&#8217;s Note: Check out our new Album-by-Album index", "author": "Ken", "date": "January 26, 2019", "format": false, "excerpt": "We now have an Album-by-Album Index for the Roll of the Dice series! Check it out and see if we've covered your favorite song yet.", "rel": "", "context": "In \"Index\"", "block_context": {"text": "Index", "link": "https://estreetshuffle.com/index.php/tag/index/"}, "img": {"alt_text": "", "src": "https://i0.wp.com/estreetshuffle.com/wp-content/uploads/2019/01/albums.jpg?fit=1024%2C683&ssl=1&resize=350%2C200", "width": 350, "height": 200, "srcset": "https://i0.wp.com/estreetshuffle.com/wp-content/uploads/2019/01/albums.jpg?fit=1024%2C683&ssl=1&resize=350%2C200 1x, https://i0.wp.com/estreetshuffle.com/wp-content/uploads/2019/01/albums.jpg?fit=1024%2C683&ssl=1&resize=525%2C300 1.5x, https://i0.wp.com/estreetshuffle.com/wp-content/uploads/2019/01/albums.jpg?fit=1024%2C683&ssl=1&resize=700%2C400 2x"}, "classes": []}, {"id": 18295, "url": "https://estreetshuffle.com/index.php/2020/05/25/roll-of-the-dice-tucson-train/", "url_meta": {"origin": 30616, "position": 1}, "title": "Roll of the Dice: Tucson Train", "author": "Ken", "date": "May 25, 2020", "format": false, "excerpt": "The third single off Western Stars is one of Bruce's most hopeful, optimistic, and joyous songs--a masterpiece of a pop song that ranks among his very best.", "rel": "", "context": "In &quot;Roll of the Dice&quot;", "block_context": {"text": "Roll of the Dice", "link": "https://estreetshuffle.com/index.php/category/roll-of-the-dice/"}, "img": {"alt_text": "", "src": "https://i0.wp.com/estreetshuffle.com/wp-content/uploads/2020/05/tucson.jpg?fit=1200%2C669&ssl=1&resize=350%2C200", "width": 350, "height": 200, "srcset": "https://i0.wp.com/estreetshuffle.com/wp-content/uploads/2020/05/tucson.jpg?fit=1200%2C669&ssl=1&resize=350%2C200 1x, https://i0.wp.com/estreetshuffle.com/wp-content/uploads/2020/05/tucson.jpg?fit=1200%2C669&ssl=1&resize=525%2C300 1.5x, https://i0.wp.com/estreetshuffle.com/wp-content/uploads/2020/05/tucson.jpg?fit=1200%2C669&ssl=1&resize=700%2C400 2x, https://i0.wp.com/estreetshuffle.com/wp-content/uploads/2020/05/tucson.jpg?fit=1200%2C669&ssl=1&resize=1050%2C600 3x"}, "classes": []}, {"id": 16557, "url": "https://estreetshuffle.com/index.php/2020/03/28/roll-of-the-dice-western-stars/", "url_meta": {"origin": 30616, "position": 2}, "title": "Roll of the Dice: Western Stars", "author": "Ken", "date": "March 28, 2020", "format": false, "excerpt": "\"Western Stars\" is Bruce's magnum opus--a gorgeously cinematic, metatextual commentary on his life's work and journey.", "rel": "", "context": "In &quot;Roll of the Dice&quot;", "block_context": {"text": "Roll of the Dice", "link": "https://estreetshuffle.com/index.php/category/roll-of-the-dice/"}, "img": {"alt_text": "", "src": "https://i0.wp.com/estreetshuffle.com/wp-content/uploads/2020/03/western-1.jpg?fit=1200%2C1200&ssl=1&resize=350%2C200", "width": 350, "height": 200, "srcset": "https://i0.wp.com/estreetshuffle.com/wp-content/uploads/2020/03/western-1.jpg?fit=1200%2C1200&ssl=1&resize=350%2C200 1x, https://i0.wp.com/estreetshuffle.com/wp-content/uploads/2020/03/western-1.jpg?fit=1200%2C1200&ssl=1&resize=525%2C300 1.5x, https://i0.wp.com/estreetshuffle.com/wp-content/uploads/2020/03/western-1.jpg?fit=1200%2C1200&ssl=1&resize=700%2C400 2x, https://i0.wp.com/estreetshuffle.com/wp-content/uploads/2020/03/western-1.jpg?fit=1200%2C1200&ssl=1&resize=1050%2C600 3x"}, "classes": []}, {"id": 34887, "url": "https://estreetshuffle.com/index.php/1987/01/08/roll-of-the-dice-two-faces/", "url_meta": {"origin": 30616, "position": 3}, "title": "Two Faces", "author": "Ken", "date": "January 8, 1987", "format": false, "excerpt": "A 1960s doo-wop break-up song inspired one of Bruce's most openly confessional songs about his depressive struggles.", "rel": "", "context": "In &quot;Roll of the Dice&quot;", "block_context": {"text": "Roll of the Dice", "link": "https://estreetshuffle.com/index.php/category/roll-of-the-dice/"}, "img": {"alt_text": "", "src": "https://i0.wp.com/estreetshuffle.com/wp-content/uploads/2022/05/twofaces.jpg?fit=1200%2C954&ssl=1&resize=350%2C200", "width": 350, "height": 200, "srcset": "https://i0.wp.com/estreetshuffle.com/wp-content/uploads/2022/05/twofaces.jpg?fit=1200%2C954&ssl=1&resize=350%2C200 1x, https://i0.wp.com/estreetshuffle.com/wp-content/uploads/2022/05/twofaces.jpg?fit=1200%2C954&ssl=1&resize=525%2C300 1.5x, https://i0.wp.com/estreetshuffle.com/wp-content/uploads/2022/05/twofaces.jpg?fit=1200%2C954&ssl=1&resize=700%2C400 2x, https://i0.wp.com/estreetshuffle.com/wp-content/uploads/2022/05/twofaces.jpg?fit=1200%2C954&ssl=1&resize=1050%2C600 3x"}, "classes": []}, {"id": 408, "url": "https://estreetshuffle.com/index.php/2018/01/25/editors-note-30-days-out/", "url_meta": {"origin": 30616, "position": 4}, "title": "Editor&#8217;s Note: 30 Days Out", "author": "Ken", "date": "January 25, 2018", "format": false, "excerpt": "In which I take a deep breath, answer questions, and say \"thanks!\"", "rel": "", "context": "Similar post", "block_context": {"text": "Similar post", "link": ""}, "img": {"alt_text": "", "src": "https://i0.wp.com/estreetshuffle.com/wp-content/uploads/2018/01/calendar.jpg?fit=612%2C612&ssl=1&resize=350%2C200", "width": 350, "height": 200, "srcset": "https://i0.wp.com/estreetshuffle.com/wp-content/uploads/2018/01/calendar.jpg?fit=612%2C612&ssl=1&resize=350%2C200 1x, https://i0.wp.com/estreetshuffle.com/wp-content/uploads/2018/01/calendar.jpg?fit=612%2C612&ssl=1&resize=525%2C300 1.5x"}, "classes": []}, {"id": 23950, "url": "https://estreetshuffle.com/index.php/2021/01/17/roll-of-the-dice-drive-fast-the-stuntman/", "url_meta": {"origin": 30616, "position": 5}, "title": "Roll of the Dice: Drive Fast (The Stuntman)", "author": "Ken", "date": "January 17, 2021", "format": false, "excerpt": "My favorite song on Western Stars is arguably the most romantic and (literally) cinematic song in Bruce's entire catalog.", "rel": "", "context": "In &quot;Roll of the Dice&quot;", "block_context": {"text": "Roll of the Dice", "link": "https://estreetshuffle.com/index.php/category/roll-of-the-dice/"}, "img": {"alt_text": "", "src": "https://i0.wp.com/estreetshuffle.com/wp-content/uploads/2021/01/stunt.jpg?fit=1200%2C1200&ssl=1&resize=350%2C200", "width": 350, "height": 200, "srcset": "https://i0.wp.com/estreetshuffle.com/wp-content/uploads/2021/01/stunt.jpg?fit=1200%2C1200&ssl=1&resize=350%2C200 1x, https://i0.wp.com/estreetshuffle.com/wp-content/uploads/2021/01/stunt.jpg?fit=1200%2C1200&ssl=1&resize=525%2C300 1.5x, https://i0.wp.com/estreetshuffle.com/wp-content/uploads/2021/01/stunt.jpg?fit=1200%2C1200&ssl=1&resize=700%2C400 2x, https://i0.wp.com/estreetshuffle.com/wp-content/uploads/2021/01/stunt.jpg?fit=1200%2C1200&ssl=1&resize=1050%2C600 3x"}, "classes": []}], "_links": {"self": [{"href": "https://estreetshuffle.com/index.php/wp-json/wp/v2/posts/30616", "targetHints": {"allow": ["GET"]}}], "collection": [{"href": "https://estreetshuffle.com/index.php/wp-json/wp/v2/posts"}], "about": [{"href": "https://estreetshuffle.com/index.php/wp-json/wp/v2/types/post"}], "author": [{"embeddable": true, "href": "https://estreetshuffle.com/index.php/wp-json/wp/v2/users/1"}], "replies": [{"embeddable": true, "href": "https://estreetshuffle.com/index.php/wp-json/wp/v2/comments?post=30616"}], "version-history": [{"count": 12, "href": "https://estreetshuffle.com/index.php/wp-json/wp/v2/posts/30616/revisions"}], "predecessor-version": [{"id": 40578, "href": "https://estreetshuffle.com/index.php/wp-json/wp/v2/posts/30616/revisions/40578"}], "wp:featuredmedia": [{"embeddable": true, "href": "https://estreetshuffle.com/index.php/wp-json/wp/v2/media/30670"}], "wp:attachment": [{"href": "https://estreetshuffle.com/index.php/wp-json/wp/v2/media?parent=30616"}], "wp:term": [{"taxonomy": "category", "embeddable": true, "href": "https://estreetshuffle.com/index.php/wp-json/wp/v2/categories?post=30616"}, {"taxonomy": "post_tag", "embeddable": true, "href": "https://estreetshuffle.com/index.php/wp-json/wp/v2/tags?post=30616"}], "curies": [{"name": "wp", "href": "https://api.w.org/{rel}", "templated": true}]}}]