order,ID,Post ID,Title,Published,Updated
1,40720,40499,"Greetings From Asbury Park, N.J.",2023-01-05 13:14:00+00,2023-01-05 13:43:53+00
2,40560,40201,Blinded by the Light,2023-01-01 14:00:00+00,2023-01-01 14:55:54+00
3,392,38034,Growin' Up,2022-09-29 12:00:00+00,2023-01-03 16:42:38+00
4,393,26519,Mary Queen of Arkansas,2011-01-03 13:00:00,2025-11-15 23:36:43
5,394,17121,Does This Bus Stop at 82nd Street?,2011-01-04 13:00:00,2025-11-15 23:36:03
6,40081,825,Lost in the Flood,2018-02-20 13:00:27+00,2021-12-12 20:09:52+00
7,39499,21388,The Angel,2020-09-26 12:00:00+00,2020-09-26 14:43:37+00
8,40226,32112,For You,2022-01-08 13:00:00+00,2022-01-08 15:06:46+00
9,398,16175,Spirit in the Night,2011-01-08 13:00:00,2025-11-15 23:47:53
10,39626,4780,It's Hard to Be a Saint in the City,2018-10-21 12:00:36+00,2020-12-05 00:05:53+00
,,,OUTTAKES,,
12,400,11225,Arabian Nights,2011-01-11 13:00:00,2025-11-15 23:49:30
14,401,13193,Baby Doll,2011-01-12 13:00:00,2025-10-31 02:21:03
22,402,31751,Border Guard,2011-01-13 13:00:00,2025-11-15 23:53:19
25,403,35373,Camilla Horn,2011-01-14 13:00:00,2025-11-15 23:53:49
19,404,29030,Cowboys of the Sea,2011-01-15 13:00:00,2025-11-15 23:54:27
28,405,4440,Eloise,2011-01-16 13:00:37,2025-11-15 23:55:09
24,406,33406,Henry Boy,2011-01-17 13:00:00,2025-11-15 23:56:37
16,407,158,Hollywood Kids,2011-01-19 00:00:40,2025-11-15 23:57:57
23,408,33131,Jazz Musician,2011-01-19 13:00:00,2025-11-15 23:58:37
26,409,4182,Jesse,2011-01-20 13:00:07,2025-11-15 23:59:15
21,411,30736,Marie,2011-01-22 13:00:00,2025-11-15 23:59:43
27,412,4268,No Need,2011-01-23 13:00:32,2025-11-16 00:00:12
31,413,7885,Prodigal Son,2011-01-24 13:00:00,2025-11-16 00:03:26
17,414,23579,Randolph Street,2011-01-25 13:00:00,2025-11-16 00:03:59
30,415,7315,She's Leaving,2011-01-26 13:00:42,2025-11-16 00:04:31
20,416,29185,Southern Sun,2011-01-27 13:00:00,2025-11-16 00:05:06
11,417,10635,Street Queen,2011-01-28 13:00:00,2025-11-16 00:05:36
18,418,2459,The Song,2011-01-30 13:00:37,2025-11-16 00:06:13
13,420,12477,Two Hearts in True Waltz Time,2011-01-31 13:00:00,2025-11-16 00:10:27
29,419,7109,Visitation at Fort Horn,2011-01-31 23:00:25,2025-11-17 20:35:51
15,424,14433,War Nurse,2011-02-01 13:00:00,2025-11-16 00:10:58
,,,OTHER ARTIST COVERS,,
100,421,12001,The Astronettes: Spirit in the Night,2011-02-01 14:02:00,2025-11-16 00:13:25
101,422,25516,The Manfred Mann Covers,2011-02-01 14:03:00,2025-11-16 00:14:51
102,423,6861,The David Bowie Covers,2011-02-01 14:01:38,2025-11-16 00:12:54
