order,ID,Post ID,Title,Published,Updated,Notes
7,2362,32610,Good Eye,2022-02-15 13:00:00,2022-02-15 13:43:40,
10,2400,33407,Kingdom of Days,2022-04-04 12:00:00,2022-04-04 12:54:20,
9,527,1278,Life Itself,2018-03-26 12:00:56,2019-11-24 18:39:55,
2,1167,12291,My Lucky Day,2019-09-02 12:00:00,2023-01-01 19:23:45,
1,2321,31274,Outlaw Pete,2021-12-29 13:05:00,2021-12-29 14:23:42,
4,752,4774,Queen of the Supermarket,2018-10-04 12:00:29,2021-11-26 19:27:56,
11,1985,26451,"Surprise, Surprise",2021-05-04 12:00:00,2023-01-03 01:52:05,
13,1681,22143,The Wrestler,2020-10-31 12:00:00,2024-01-02 21:51:12,
8,1205,13398,Tomorrow Never Knows,2019-10-11 12:00:00,2023-01-01 19:46:51,
5,811,5749,What Love Can Do,2018-11-25 13:00:56,2021-12-15 03:13:17,
3,1102,10786,Working on a Dream,2019-07-04 12:00:00,2024-01-02 15:08:35,
